id,time,doppler_frequency,weight,IR_Sensor,label
87e1edb0-f1ce-48af-b79d-7844427baf9c,6:20:13,102.7,75.24,101,0
5b174bee-0f6f-4767-adc4-a869f21c3b3d,15:51:59,107.61,70.26,89,0
923ea99e-74b8-4ad2-88db-03f112fb139d,15:21:04,100.99,73.38,223,0
c49fe2e1-c20c-4457-abbf-39490ccea4f6,12:33:55,105.95,77.89,64,0
49171217-57a9-48e6-86ef-dd45873f70ac,8:07:46,89.35,71.47,164,0
5cfd855c-86e9-4e6a-89fe-7adabe04243e,23:54:55,105.38,74.72,13,1
ac845a19-b37d-4d6b-b9d1-67040987ddcf,11:10:14,94.26,63.88,110,0
d966519e-047a-413b-9ef4-50036b227639,16:23:18,102.6,59.14,13,1
b2f0f47f-6280-4f30-8076-4bc3cf1dc359,5:52:29,107.38,78.22,163,0
4b6474fd-ebb5-4657-a01f-fb69eddbd515,0:42:18,111.73,68.41,51,0
b9bbc6fa-9b84-4f49-84dd-c7805896fbbe,7:20:09,106.81,81.78,104,1
1ce4fa96-2b07-4829-9c09-c29ce02cd5de,19:04:09,97.49,69.21,108,0
6450a5cc-f442-414c-8a37-18853ad1e933,0:08:57,104.71,75.28,204,0
5a764b53-e9bf-4312-ba30-a93a04e069b2,19:46:00,104.23,79.97,206,0
e96b84d7-e1f1-4880-9b1e-662c411ca529,21:45:05,94.17,79.12,184,1
423a00f6-4f3c-4672-b027-ca3130271d31,17:51:44,102.04,80.98,0,1
f182decd-aa0b-42cb-9aa2-11bc27dc4b20,4:28:56,85.33,82.31,120,1
d52d11fd-7cef-4ee3-b709-5f5bd755f12b,18:15:14,96.66,76.01,161,1
d08b7eaf-6261-4e5e-ab30-6ff267914769,6:03:34,89.57,78.29,172,0
f758d58c-891a-41ba-829f-06d2676ee88d,2:16:50,85.64,73.86,153,0
7636785b-0723-4883-b1b0-c907580edccb,11:24:49,99.14,71.56,58,1
8f5c0a2a-f8e8-49cf-92a0-e0f8ddafd7b2,21:07:18,98.53,78.35,94,0
0c26cbb8-5e0e-49c5-b99c-fa7a7f5bbf1b,4:59:00,99.87,78.74,253,0
3ff26a4d-ec64-48e1-96b1-335e961f9898,2:02:52,106.43,75.83,100,1
056a21ab-6fd8-46f1-99ed-9fca8e8860de,11:32:10,96.98,68.83,118,1
76bfbdca-1210-4adb-a7b6-42a5ac74eb27,3:55:29,103.05,71.93,107,0
160f0665-a2a4-4030-bc71-35890224a74e,15:58:15,97.2,84.94,97,0
540771e8-e902-4e45-b80f-e37d645c0144,22:22:20,98.69,69.5,83,1
af41eae5-5986-4779-bca1-564d247214f4,3:06:18,104.89,84.11,173,1
f92b2999-b78f-429a-a32b-17fd8e3e766e,4:42:00,99.72,70.88,125,1
a5e290b9-cd89-499a-9bcb-d3ef26c3aaa7,14:56:22,103.29,78.23,245,0
b4db3f22-4898-42de-84ae-857f80b4f772,6:39:55,105.83,76.32,92,0
4b41d808-b9ec-4de6-a229-e51de197b446,21:18:41,107.28,74.88,191,1
372d1f83-f577-4850-a46b-3ba4c028b5f3,2:35:44,99.59,76.38,55,1
5f699907-5ed9-4755-9caf-e87986d1db3d,15:19:40,105.01,75.38,119,0
1c98fdfd-1c39-41b1-9773-b28c4daed90f,13:57:04,87.42,67.24,196,1
3a59c20d-1695-4121-9208-2bacf47f879d,1:24:56,108.54,75.95,56,0
8300c4ae-15ee-4ae1-86bf-8974ee0f1d4c,1:31:06,98.83,79.17,121,0
cb9dfe85-f454-4e37-aa1d-2f987dee6f24,7:48:53,86.17,77.72,126,1
b25244f5-f306-482e-98b2-3c6a0c5c52cb,13:18:29,99.77,73.67,36,0
5f7fb03f-afdc-4599-a14e-4a4494e9a714,11:20:03,102.19,72.36,124,1
917ba91c-a328-4d6b-a764-3ff8aeae90d3,0:35:16,99.99,66.86,209,1
0718d60f-24cf-49a9-a648-59c97ad53d6f,19:52:31,94.24,80.05,103,0
5ad011f3-c30a-4741-87dc-79f72a64135d,5:42:23,107.42,69.09,53,1
7fc3db02-ee7a-4a7a-985a-be25696c1f37,14:44:34,106.16,85.45,28,0
097ba041-5f6c-401e-97de-40db3ec7ad15,22:37:29,95.19,64.26,147,0
eb9fc674-9ad4-4db2-95bb-63f575d05cb3,15:28:15,102.61,73.37,185,0
8493173b-034f-4f34-882b-c80901efa821,9:11:47,92.16,73.11,219,1
f1f75ff0-ead2-42ec-acd9-711049d41c1c,20:47:55,90.75,76.67,81,1
294cf2b6-20a9-462c-a469-31fb33f8328f,23:17:24,96.98,69.25,193,0
b514b4e0-d088-45df-9f63-1b258330031d,21:07:11,101.43,75.27,119,0
d708d5cb-4b98-47ce-a21c-c63e65b685ac,2:40:15,97.89,74.12,210,0
488b98c6-346b-45d0-84f2-e1c57c9f29ae,4:06:58,104.9,70.94,139,0
f70373d9-13dc-44a8-aa8a-74a4c800a921,17:07:06,95.64,71.27,61,0
c0ea4797-13a3-4758-ac49-819c5b140b01,22:01:43,104.08,69.56,37,1
b47b511d-828d-4a2e-936a-24c6abb24ac7,7:29:35,103.27,81.04,80,0
5240cd64-9b6b-46e9-b18e-096b3a18accc,18:00:02,96.0,73.12,240,1
5ee9c36a-cfd5-45a1-a880-e9d292b3e939,10:09:54,109.13,75.01,80,1
10cb5dc0-32a0-4416-b0b6-221ba82b23f8,8:31:46,100.6,83.15,143,0
45742d3d-de1a-4d0c-900c-fca8858508f4,22:11:10,95.31,71.41,45,0
1b408aeb-88f0-483d-b6f1-1361d699ab4c,3:30:24,98.22,73.49,206,0
cab40e69-d273-4e5e-af1c-ac9a6e34c883,0:14:31,104.88,66.43,128,0
f43a558b-439a-4624-b320-fc0bb2b9da9a,14:05:56,89.02,86.36,6,0
4d4c0eb0-fbef-4e90-bf07-79ddccb49898,22:59:38,91.44,67.11,155,0
dbbe0fae-6512-4ad8-8652-1bda90fc67b3,22:41:17,88.18,69.09,173,0
4a4741d1-9356-40a4-b696-7351d43ac4e6,3:23:21,99.29,75.67,36,1
f38cef45-ab95-41cc-acce-fc5343a7b0f6,7:47:01,103.44,64.47,194,0
90c2937b-8bdc-4929-b52e-d8d4365a2b96,6:03:22,97.74,75.58,47,1
385094bb-0e63-4448-9627-36d255642ec9,23:22:26,107.08,72.4,189,1
98f2d40c-ed1f-466b-acc0-224a0c33d1de,4:16:32,105.93,78.57,135,0
ce567659-58e4-4941-b1c6-6a05b61f7ded,8:43:11,107.97,78.39,159,0
287bac36-5ff6-4900-b61a-e52926828c55,21:48:10,90.96,77.76,56,0
fe6c565c-b54f-4a28-a6bc-48dc9f266855,12:23:10,102.4,82.98,64,0
8efc951a-6487-4a8a-a69b-391f5445d555,19:55:53,100.89,81.99,95,1
1c4a9863-779b-406b-82bd-1154707d78bb,1:32:59,108.99,76.88,222,0
bcb980a3-4f72-42c4-b69b-41d679bf7e09,19:50:39,106.27,76.31,196,1
3ff5f62a-cd78-486b-aecf-be1ff1157bbd,9:52:41,98.96,71.36,106,1
9952ca1e-9807-47c6-b533-c63cbc689b09,10:22:20,84.66,78.5,211,0
8c8a5079-2d34-4fd1-8605-d80cc2dbeca9,5:18:20,96.19,72.13,153,1
0ad93063-3e26-4787-9af4-5a43c0bdbba4,8:10:39,100.39,85.56,228,0
b08edc30-22c1-421d-aacd-f9e14efb0104,1:25:11,104.28,72.58,197,0
e79e56f8-5d24-4912-ba6e-8b1e2e6a9263,21:14:07,102.95,73.16,155,1
02a0bfc6-34a9-412f-bf67-8d9529ef5dd3,19:15:34,100.38,65.71,21,0
d34c5695-f236-4f77-aa34-418f2781d5aa,22:09:36,108.27,78.56,144,0
82fe877f-b4d0-4199-aa99-3b8f99ceffc7,17:12:36,105.76,73.92,203,1
a7d8e4cd-28cc-4062-9565-d0d509edeeb1,19:28:05,101.7,73.94,114,0
3697ff79-37c8-4d8d-94e9-13952191eb12,22:44:03,89.83,82.78,218,1
e3dcb0a3-080e-4da9-a1d8-2681b719f326,2:41:49,98.66,72.61,174,0
849f8f10-9f3b-4dcd-a933-3977364f84b8,19:11:20,88.55,71.13,102,1
2cfed648-ada3-4f4f-8dc3-e81707d3dfa2,12:06:43,104.52,77.1,116,1
afeab825-be73-4c8d-9c4c-a7a108cb543e,5:29:32,105.93,76.85,133,0
874db2f2-fa15-4795-a944-0c00d9b987bb,1:39:50,96.91,71.24,2,0
40e13505-f909-4270-869c-ed3ebc9fc365,14:07:20,102.79,80.29,108,0
a20233cb-ce28-40ed-bad7-f34b1225b294,5:02:50,107.75,72.41,173,0
b9f5ab13-ffef-4c68-8ea7-b6764d26f050,20:53:20,98.16,66.7,36,0
521a8e43-f188-44c2-837a-ea72ed4dbd70,7:29:41,97.54,75.46,112,0
2cf7206a-467d-4a1f-911d-246aca22af51,11:20:07,106.0,78.72,173,1
779b0dbe-bc97-4367-a1ef-584471c61a07,7:47:11,104.79,68.29,109,1
1a5c8147-50a6-41ff-9c43-02b714f87624,4:43:52,107.91,66.01,201,1
1f6782e6-26c3-439b-91b1-82b00d6e2f83,22:39:53,105.43,79.61,162,1
60f357a9-b358-42c1-8b3c-929419a6f5b4,7:47:01,102.28,72.1,50,1
11c8b923-bf64-4588-bae4-781d43fabe36,1:42:58,91.25,78.78,147,1
99275412-57cd-4365-a067-e8d573ce5324,5:34:28,103.5,82.4,9,0
c893da56-6ad3-4f1c-9c3e-1712c62146c2,11:31:04,97.32,81.1,88,1
d41820dc-5908-4040-95f3-858854d7f32e,0:49:12,97.69,69.98,84,0
ef23d6d5-8f49-4dbf-9398-79cbd2b5547a,19:24:55,94.8,82.31,53,1
8577fd87-eb9c-4e30-a95d-5edb4452ef84,4:42:34,98.35,70.72,75,1
780ecf35-1b17-4a78-8bf7-23eebcc4a579,2:35:28,107.39,72.8,187,1
bed7743b-3bfb-499b-9817-01ad892df9c9,4:29:01,104.5,80.35,23,0
5cea0f78-59bf-48d7-a431-5165205f8b94,22:49:12,102.52,84.55,212,1
33886ec8-bf7b-400d-9b5f-d40ae974b232,3:09:20,107.55,72.4,130,0
eee798cb-c997-4cf8-b6d0-c04bc6c84999,6:44:39,106.54,77.1,168,1
3df00336-887e-4d47-b703-81304aa3aca9,7:35:39,105.0,73.12,149,1
100af74f-2b1d-4de0-b4dc-8f6e6db61fec,17:57:22,97.95,76.06,104,0
f1e86cc7-e651-4e1e-890a-464b8750cada,18:39:46,95.11,74.22,103,1
743f04af-55c9-48ba-88a1-c50ad2adc297,16:52:00,95.33,68.97,58,1
d9c9ac13-ed7c-4ad1-813e-2f031d72a2d8,8:37:16,94.79,82.91,22,1
bce8fe23-38d0-4757-8fff-0a2363b4cdb7,9:38:40,99.57,82.7,246,1
b6d38742-f5d2-4716-9890-76ca7b922202,21:01:24,103.07,75.59,174,1
d211e61f-cf74-4962-aa0e-206ab6d226b5,3:32:29,112.69,70.73,49,0
2a3eabab-0a1a-4ae7-b4cb-9f5c32de2236,5:29:54,107.48,79.19,39,0
11d98a36-429e-4858-b813-de0b7f62b377,22:43:55,100.51,72.85,254,0
63350ddc-ad12-43e1-9dc3-19c550653dd7,1:28:48,101.89,78.02,116,0
7ccab827-c47c-4586-9102-40873e0a6a7e,6:58:51,97.4,75.01,115,0
5fb6c0b0-f7e1-472b-83f6-12607e157f25,5:27:41,94.76,70.48,224,0
036bfca2-f5e6-4140-a3c9-3559be09b6d7,14:04:01,102.11,70.97,187,1
bd3a70c9-dd28-4bd6-9d87-f51c693d6642,10:15:53,85.86,86.08,56,0
b98b9888-4134-4d09-bfaf-44facd9a4552,23:29:29,98.85,76.53,51,1
1839861b-f051-43f7-a34c-9794b8807d27,1:03:44,96.74,65.62,168,1
84893600-9772-492d-b2dd-15ed97d66593,2:44:27,100.95,72.19,120,0
6d773d5a-5554-46de-930d-064dbeac0ae6,8:38:47,94.32,71.32,116,0
6e11cd50-859e-4c03-aa0a-afd86ccbcde7,11:33:10,107.5,66.05,48,1
50ab4074-096b-4a16-98c0-8428cbaf05a3,3:46:26,100.9,72.26,114,1
7738a9ba-254b-41d5-a3e3-3e6259e22c91,22:12:40,113.44,71.51,158,1
41d3d11c-7395-4e82-b7f6-f7fc82f6b409,13:04:38,100.19,71.55,106,0
783e9d03-6f1b-4653-840d-9f14ed21a38b,1:46:34,102.74,63.99,186,1
49f6f64f-72a0-464b-9696-cc46c5b35a8a,7:58:10,111.55,70.81,216,1
49c063b6-33bd-46a2-8f48-0d15b8675eaa,20:22:08,104.82,73.09,44,1
e821054e-68d1-4399-83bf-190472c5eca5,5:41:23,97.68,79.84,34,1
82da1f3b-5d83-4337-bcd0-0335f43a6095,17:05:43,99.92,75.37,76,1
08bc607e-284a-4407-af18-a87f52f278a0,16:00:42,109.08,74.34,59,0
25861364-7161-4ba3-aae2-8cbdfd6df6c8,16:32:06,102.94,71.3,165,1
8c871f14-a7af-420a-9324-436c4ab053f4,19:02:40,97.07,75.09,228,1
c16d6716-d555-40c4-b5cc-a55cb5da133d,3:00:05,98.96,77.92,154,0
8246c0ab-bb3c-4098-94ce-69c41bc7ba8a,19:04:33,103.6,76.8,232,1
6e7fe9f5-cd59-48b8-af56-74038da2c7d5,2:30:43,94.66,72.11,214,1
ab7e596f-bfee-4531-9b98-30485a9dc89f,7:24:33,98.94,76.75,150,1
52eeb594-efcc-47a4-b370-a832dd02462c,21:35:47,103.16,81.55,142,0
032d920c-6ab4-4c5c-91b0-4efd3c7638f1,11:40:10,109.46,74.21,129,1
38e68ccf-667f-41dd-bd7a-88e4464f7fb7,1:58:28,104.26,71.81,3,0
74f0a0a1-0b13-46b0-ae75-e42c32deda1a,1:07:18,97.86,77.61,89,1
b16111d3-7515-4222-8720-21574c2636ae,12:06:47,95.8,70.17,34,1
408a1a5f-963d-42ec-954c-e659cef20a41,15:43:45,96.76,82.74,129,0
57b61c9c-4a45-4f4d-8ab6-a0efa27a5b17,1:09:05,101.67,72.94,219,0
10c3c7b8-725b-436e-adcf-b3f355a5e2e2,4:41:53,100.48,73.84,63,0
88ddd65a-02f0-4fe7-ba05-a23b95471dd8,20:35:31,95.95,71.22,217,0
96e89109-9663-4751-abbc-e38946e9fbf2,10:57:50,97.61,72.02,228,1
922ec3f8-206e-482b-8e24-abc4d6639a93,15:59:11,92.57,69.49,77,1
18d02d6a-ae59-4080-a751-c2e516b4f223,7:07:00,93.68,74.18,25,1
980550fc-d0c6-4a5f-9577-1e309bae6864,15:42:54,97.2,76.26,153,0
2041cd57-5ac6-4a7d-9223-bf6e4150bc70,8:50:02,108.86,69.47,212,1
9afa3678-a1ae-4137-8f4a-014c097b3972,4:10:16,94.17,77.12,224,0
3ce8dd2d-2960-40af-829c-a638749f6d83,14:13:18,97.16,75.63,22,0
3af81834-6dd5-45af-bedc-622dc83bb847,22:40:32,100.73,70.85,116,1
ce51d80e-dcaa-42df-a9ac-c21a2cfba5e9,11:35:31,98.24,84.31,43,0
9674a5bd-5d71-4cee-9791-f8ddc412a256,12:27:35,98.3,67.29,91,0
3ea8b4bb-c321-4000-bd2f-42e4583f41d8,7:32:45,108.56,71.54,118,0
25ef68c2-339c-4dc6-8924-cfb21100a2ab,14:09:07,103.0,69.34,61,1
c05fe3bf-5d61-4694-961c-a0a4989a8d0b,22:03:35,100.07,78.02,239,1
b9cd95a9-f97c-4c64-96ed-1bbdcd95707a,19:29:22,95.21,66.15,189,1
77927f3f-cef0-4326-9d68-4e6ca74772d9,6:38:21,100.44,79.77,76,1
d2930f0c-e9c8-40bc-9d53-cc88f42668e6,11:21:19,104.57,76.84,153,0
c2826512-2184-4bc1-963e-bd7076f7241c,8:07:49,99.91,76.74,154,1
fa685476-4e21-4142-9f6f-f3230dbb3e13,1:57:51,97.68,72.05,172,0
64fe9179-d457-4805-9d80-4d42e5cbf4db,10:35:14,93.23,70.22,62,1
28165f10-0b74-400e-a60a-ff3818187c12,10:37:52,91.45,81.6,37,1
f045b6d2-d55e-43f3-bd4c-8ee135513f5e,18:41:15,102.07,71.68,229,1
e4c8cea7-f408-4133-878a-f41116e583dc,5:10:59,95.52,77.98,31,1
5fb9d942-975d-4b8b-8205-c6664faaeb3b,7:38:46,83.69,70.94,55,1
99d446a7-88ca-4725-9cbc-f9c95575d274,22:50:22,102.24,67.18,253,0
5c5e9b61-3f57-4254-b2d3-fc515d6e759c,17:43:21,96.64,70.72,66,0
8251c929-593d-4dc1-9c84-6eef16f0753b,6:54:17,97.27,81.76,222,0
500f7ad5-5dd0-4710-9f11-65d337c2753d,20:04:20,108.97,66.29,218,1
0c43c60c-b643-4d9e-a510-ee518db66a28,3:01:12,95.71,71.07,29,1
f08fcbb6-8f1d-4121-b4ac-abdb2c5ac4db,18:55:43,91.76,83.75,191,0
af8e464a-acd6-4c6a-b34a-9d8f529009ee,4:06:49,101.24,70.61,240,0
39d3d76b-e7ec-4774-85d6-041a1b9b137a,3:26:29,102.68,81.48,185,0
e9f32655-b379-417b-9485-3f30dfff60d6,2:43:43,98.05,72.19,37,0
7bcc1318-b8db-4b74-ae13-c76887698397,16:54:42,109.65,83.57,157,1
c4a48c40-225a-4f80-ada1-9461c5ae7ae6,15:35:51,97.25,76.11,130,1
8d81883f-bdbc-4288-8ea2-867b5b9a4ae9,15:01:24,105.35,75.27,71,1
93ef1381-ed5b-4bd7-a9c2-b06d64ee2332,7:43:35,83.73,87.93,0,1
bf9c42c7-7494-468d-8e13-d067dd89b9c4,3:08:27,107.41,79.74,182,0
0e66130e-198d-4fe6-a313-1ce6d034c83b,3:27:49,102.48,74.79,188,0
a392e683-4804-41df-91c1-1637e3bc500a,15:47:35,90.56,69.3,135,1
94facfe5-10bf-44fe-9bae-f7da5cab2f48,22:11:38,108.56,84.45,186,1
34b1667d-e6b9-40df-9fd5-93e3e0d06470,18:54:33,90.46,84.28,178,1
74926ce5-c4ac-45e6-8160-e00ee4a3e271,16:56:33,104.9,67.83,135,0
229a37c4-77e1-41cf-acf3-d41e95eab036,10:47:50,85.95,79.75,174,1
42a8888b-78a8-4118-8fec-b42c0f1caed0,11:09:58,107.1,77.35,153,1
aab6a320-8f68-490e-99fc-5912e351e54c,11:47:11,96.67,80.82,95,0
905bb4cb-adc1-4e41-9621-aef8d23c19be,1:20:32,102.15,73.05,33,0
bd67f76c-304c-4d4d-884b-a2c9bed8f1dc,22:23:21,98.67,73.03,76,0
89b2baf2-dd93-4645-8c81-86c61a2fd68c,1:46:23,112.78,81.15,245,0
2edce834-a3c3-4c24-8183-f14f1b00a530,19:00:43,90.86,77.62,255,0
3789acd3-ee18-4499-8ca2-421a9e6268e2,18:24:08,89.44,68.45,148,0
0237e2e8-8d0b-4d0e-976b-21d4e694214f,13:01:08,91.72,75.42,79,0
3de56278-9f62-4987-978b-4aa10803ab2d,1:43:16,99.67,75.55,243,1
685c5cbb-b748-436c-8218-6e9fc7a53f7e,20:05:54,99.62,82.67,231,1
c4d274f6-6be1-4841-bb3d-821b51e24563,4:26:23,104.64,71.27,71,0
f9d1790c-124a-4134-805b-a2b5f8b9bf96,9:07:09,97.0,79.46,21,1
3eb190a0-0efd-4c65-871c-6df5c775c82f,22:50:34,107.96,74.74,28,1
55477227-ab2b-4f23-ac07-d347980c211a,17:35:02,102.36,72.33,14,1
b523e294-b45e-464a-81b0-a02aaf166437,13:45:12,102.85,77.43,37,1
a864d59b-dbc1-4c63-b698-973cb4d2479a,9:42:05,91.05,85.18,126,0
29c12b34-2fec-488a-9ce7-c79395347679,15:31:55,97.94,76.65,222,0
bfd712e5-a33d-4cec-a222-e8b20c76d193,8:47:44,95.44,77.41,32,0
79348058-2e78-4c97-8614-9c1e1822268f,6:18:56,100.99,78.09,192,0
5ab1849a-8221-421b-aabf-4ecfb7a34257,8:09:31,99.53,71.9,222,1
e603ff5d-8b5a-4596-8bf9-33220857f045,6:34:31,98.17,70.27,144,0
4feca69e-97bd-498a-a163-47848148c4f8,10:35:46,95.4,70.31,251,1
66d8f74d-a434-4ede-8663-1d0078475692,5:45:10,107.03,71.15,221,0
c030afc4-cb1b-46d9-88ea-1feca25c2b99,0:03:45,101.38,76.37,1,1
aec2b336-b83f-46d2-8227-91a0e3d679d1,9:54:56,107.42,73.9,147,0
9903b51c-483d-4585-9649-37f348efcb04,18:47:24,103.11,68.77,255,1
9ffcb85c-c979-4d6e-acd0-cdd13eea148d,0:44:53,98.85,86.81,125,1
9dffec74-99df-40d8-997f-81bc5ac370ee,8:11:19,118.59,72.51,5,1
0cc9c9f1-335e-42be-86ea-f97d9e103be6,9:51:20,112.25,73.56,93,0
8136da57-bf05-41a4-a98a-f34523bcfa1d,13:20:55,101.27,83.55,195,0
a7514f26-a58a-4d9c-afe9-44f31c6dbd40,22:15:33,93.95,76.82,252,1
ca07abd6-c1e5-4db7-8442-364fb9f03b3c,0:39:26,100.26,79.17,140,0
2959c6f9-596c-44a5-bbd1-7a4bafd97bb8,3:01:17,96.33,74.37,203,1
c4ce7e50-ee23-4bbf-b180-217643af5e7d,1:58:37,104.35,76.26,0,0
40a92920-3f44-4a2c-bae3-cdb3316b19ea,13:57:55,109.3,76.58,98,1
a7c5426e-2b7f-4a11-bf0e-17dc3446cf28,7:11:23,90.11,81.08,177,1
9d7c61fc-e78a-4471-b0a2-ba7f366f2bc1,12:41:57,100.89,78.82,116,0
18156003-be55-49a9-b755-bc473643de8e,13:13:33,101.92,68.2,249,1
cd19a2d8-efd4-42cc-abad-e275dc34aedd,0:35:18,104.3,78.74,128,0
0fccc395-7d86-4286-b7a4-fc8272337f9d,21:24:49,88.77,77.4,66,1
8b79037e-5535-4779-90e7-47fa96a2511a,1:30:29,98.65,77.95,189,0
58a4767b-2cd6-4fdd-bf74-57de44a45a45,11:27:22,95.48,75.76,238,1
f641e69f-46c7-450a-be80-e07866136e5a,10:02:44,94.58,86.05,72,1
3536cb17-44a4-4995-be0d-2dc347c138b6,21:57:59,95.32,73.39,226,1
c7cc837f-53a8-4b34-ad8c-00134e589031,12:02:57,96.52,68.51,115,1
5159dc54-8fdc-4239-b4bc-c936c3ee4c04,9:24:24,101.33,70.93,37,1
af09abe3-8893-43c5-9bee-e55436446e52,5:40:21,92.57,70.81,253,0
f6c5f1b9-6e5f-4da3-ad47-7555b0d370bd,9:42:55,104.3,71.56,231,0
f5dd9b22-619b-4a83-bbd2-82a78ac66262,3:00:37,105.38,76.97,0,1
8f1cd61a-43a1-4c85-9343-55c80570f75a,21:45:56,104.53,76.76,146,0
7729bab8-5d93-4d38-ae1c-c62443f0ef4f,18:29:57,111.46,75.26,55,1
58419770-2836-42d9-be56-e46277572ba3,18:16:21,100.72,76.59,100,1
78e262f8-77b2-4366-bde1-7379f9976bfc,21:11:47,99.2,73.92,67,0
88688f39-a33f-49fc-829b-7d4699241236,2:22:09,96.22,74.47,226,1
7300d5d3-765f-4380-8ada-2f4b33b36135,3:12:37,93.96,69.14,67,0
955cb89c-870e-442a-bd98-61d358c8ad1e,1:36:41,97.19,74.0,58,1
f2025298-6e27-4665-b969-277cf6b78118,23:02:34,96.13,68.97,224,0
12d492e7-7381-4325-ac09-e952239ead03,23:48:28,96.08,68.74,104,0
05992d99-7a77-419f-b593-a9a0e354e508,16:14:52,93.03,76.63,15,1
4c6e1db9-9a76-46c0-8b43-21ecd9446f86,16:24:56,100.79,75.51,142,0
37dca96f-c850-4ba1-b353-4287fc8e4114,8:30:52,94.14,79.48,140,0
afb91730-324f-42e2-9918-b89b89fbb0f7,8:53:05,94.89,67.93,73,1
3c6750a0-9121-4f7e-8871-7ff84eab89f0,18:45:23,86.83,76.53,202,1
8d0e3dde-5017-4474-9258-24c59291e37d,15:11:21,110.16,76.97,95,1
e4c83ff1-d942-414d-810d-f4adc2469dc4,14:48:30,94.79,78.91,154,0
305f15d8-63b6-410b-8c7f-d2cc09b9ad5b,19:08:37,101.56,72.65,78,0
07473939-2093-4f90-8072-904f854e5ef0,6:06:29,94.95,70.04,67,1
c07784d4-9f52-4a63-a913-ddb54b1c5f0e,23:43:05,93.5,80.25,187,0
9fd9f467-9bd8-4557-9552-4ec9646094b1,17:04:40,95.31,79.63,220,1
e432bce1-d5df-440b-a2a9-f8bd0d99ae8f,3:09:29,97.96,72.59,181,1
26e87c54-4085-4d31-bf05-d642d8673f9d,10:55:52,100.68,67.05,161,1
a83eb617-86b8-4a40-afba-f7139c79d56f,3:12:07,103.53,64.13,74,1
0b645efd-c0ac-4153-9c10-7e6eed3dbf42,19:43:22,94.09,72.97,33,0
e4cb534d-ce49-47dd-93b9-2d36dcb70aa4,16:51:29,114.92,81.65,167,0
a70ca741-b1b8-4cdd-9de2-e5ef83bd182c,16:37:56,107.12,71.25,27,0
7470550f-cad9-4d21-9eb3-e35c387b9364,13:19:26,99.92,79.98,82,0
e1e41991-66bc-4a34-abbd-9020abdfcf5b,1:37:06,101.42,78.08,69,1
96b43fb9-cbd6-49c8-a6bd-ba758275a655,1:18:58,101.59,84.77,97,0
bbb81bb7-4fc8-4c2d-8cef-9057035e95b2,17:53:57,103.82,71.23,2,1
b37a3529-1300-465a-96cc-ff24a546c606,14:56:24,90.06,79.83,204,0
3b61ee69-7d8a-43a0-afff-a91d39791ccc,17:12:39,98.02,77.47,199,1
e5833cf5-7df9-4e89-b640-8825667905a9,1:13:54,92.7,76.1,108,1
e0296bea-8b1c-43d4-80e7-bf18b102a961,12:26:21,102.95,73.64,172,0
1cad2c90-014d-4755-9af8-675434fab193,2:14:04,101.53,70.59,189,1
60008b85-049e-4aa1-b9ec-b55377e08950,23:52:49,107.19,68.13,249,1
43d305cb-f436-4aab-9687-7f65fceccb58,15:35:06,111.81,75.27,209,0
7b266414-e11d-44d3-a6da-aff481e158b7,18:29:17,104.63,85.73,98,0
50f29ad8-a754-42a6-b53d-bc5fd2eae498,6:34:47,86.95,85.28,39,0
b56fc987-787e-4f0e-a9d0-b4b066d72588,7:46:27,112.58,82.39,49,0
7916aa26-03f8-4ee7-b4a0-f01bd61ae130,12:14:41,100.84,68.64,18,1
e7c77d91-329f-4ffa-8ca3-293dfdcc39b8,16:30:58,99.31,84.6,81,1
62fdeeb9-ab51-49ac-ab11-ddf787c63b31,4:25:03,84.53,73.35,140,1
3c4970e5-9b78-45db-ba7f-760f19da0f54,20:52:40,95.98,83.98,10,0
999e711b-7a43-45a7-9e5a-1d34509d1802,18:00:22,95.75,69.91,56,0
5f83f710-e79f-486e-942b-24908238f277,12:11:16,91.23,69.35,93,0
7f0322dc-baeb-4bd6-b2f0-c1e2ff15808e,4:44:37,98.54,72.5,115,1
8e6c03b0-fd22-4ada-afeb-7b2dc20e137a,19:16:59,98.34,74.76,182,1
d6315d04-6536-4f00-a662-1d83fcc0dd83,14:30:57,103.62,75.57,172,1
3c67fce6-b7f4-4700-9bc2-ec9f22b8bce8,0:56:58,94.37,72.33,52,0
678550a1-4682-4709-b3b9-55d968fa62dd,7:39:28,94.0,71.43,115,1
54bab54b-1f85-4388-aeed-aa505134b92e,8:48:03,116.1,81.97,225,0
b781a73d-113d-40ef-aa8b-5db550829996,19:50:31,96.86,73.47,158,0
e494bcda-cda1-435f-944d-cf271c8983f1,12:44:23,98.13,73.26,134,0
fb453c50-1178-4d0b-a3c3-609771d4537c,15:54:25,91.93,75.62,244,0
8fda79e3-3afd-416d-9ca4-a710b84a77dd,5:02:26,100.18,77.95,253,1
5b44684a-d0be-4372-b903-dac975e00951,21:56:46,91.23,78.67,252,0
5d7d8ba5-741a-4188-8798-bfb45ede3232,19:31:19,104.36,72.19,104,0
6378c94b-d61b-418a-a5d7-2ab7e8336c19,2:38:00,108.83,82.29,109,1
78eeb9a1-63f2-4d3b-9d52-5985db3c15d4,7:09:51,99.71,65.24,79,1
24a691b0-27da-4665-be0d-0b1a7e833d6b,7:33:05,91.6,71.19,115,1
bb4e6a4f-72d3-4f4c-af2f-6a03939a0747,14:55:47,94.96,79.75,2,0
83d71438-38be-41fb-ac71-f156cd4d2641,6:05:39,106.91,68.96,91,0
5f584cb3-b4ea-44d7-88e1-4e5066137437,14:38:45,93.68,75.54,23,0
c3727bfa-7f84-49d0-9904-77b6feceb917,7:03:53,101.88,72.86,46,1
d41140b1-953d-43cc-8e92-61e43be4d029,4:51:35,91.61,71.99,78,1
63465392-d741-4ed6-925d-0e30d9363cae,22:16:04,103.06,75.51,81,1
affb7503-2d45-4776-bf8e-0613a37810a8,10:06:14,98.12,74.61,138,1
ab155f75-a4cd-4256-a787-42db198008fc,3:59:55,90.0,69.32,159,1
5085f07e-eead-468c-a873-b970720f50b2,13:10:20,92.29,77.32,111,1
72cdbf39-1edf-4008-b603-64d513058067,21:26:48,86.62,69.13,53,0
63e5e74a-6481-4f30-80d9-8d00d60cb209,8:28:08,104.14,77.36,79,1
c5059041-a38a-4d60-bdcd-da2fb3f66618,11:49:49,95.69,73.92,22,0
83cfd3f4-4ac4-48a1-be35-772b1f7cddf1,4:38:59,110.76,75.46,142,0
216f07a3-8e21-405e-aff8-afa7adb08606,3:03:47,104.25,80.93,252,0
a12d6786-c1c6-477a-8bf6-ca80539e3d5b,9:19:51,101.97,75.51,167,1
708146e8-47fd-4302-8645-10f6a87c4227,4:42:28,106.13,71.48,154,0
82673560-084b-4eea-8f77-e8b6cecd8594,4:48:42,106.02,84.89,225,1
9fb1e2f8-2976-4043-88c5-405310167aff,12:16:20,93.33,68.38,117,0
e2dc85f3-b45c-4f15-8fb5-a43d33f19c3e,4:45:42,96.38,75.01,132,1
0183cbd6-8bc8-4a69-8253-0d76ec071521,7:13:44,101.95,78.33,108,0
9e23a316-b962-4123-98a0-e23f1f764b0f,21:14:02,96.12,77.9,248,1
52d0e4c5-1dae-42ee-b17b-58d7e1a57c13,3:48:10,101.75,75.17,53,1
d80b2b23-bf82-403e-ab3a-157ec8b433f4,0:55:13,88.85,75.12,249,1
43abed6a-a1fa-4ea9-9c1d-987c5a650683,14:42:41,108.92,72.96,237,1
cc676eb9-0cbd-4d2e-b2e7-4bb72ca7a6ba,10:05:54,105.15,63.16,142,0
24895d16-2ecc-40b2-9a1d-2eccfe56fde7,15:55:55,94.65,68.07,39,1
391e609f-3aa5-4f48-98c3-337dd888585e,6:43:59,108.85,78.77,27,0
ca862092-78c0-43c8-b879-67412404fe5e,19:38:47,103.66,75.82,65,0
568a8502-9914-430b-a391-089083a637f7,3:37:59,100.57,80.15,219,0
b2206e6b-53dd-4dba-9778-3fe44dd200a8,5:44:26,99.64,72.73,74,1
73fd9ac3-ee84-4212-a103-7bde3891902f,11:29:24,82.44,71.36,77,0
26edcca3-c38c-466a-8c03-3630c6dd84d6,5:06:06,92.03,75.35,254,0
179ad17d-79ed-452d-b392-8216bac64481,20:54:11,107.86,76.1,98,0
59083f74-2f53-4a9d-bfd9-519a55433c49,13:21:05,104.61,68.48,104,1
0a9fc89d-6668-4c61-9ed9-fb17728d760e,5:20:40,106.79,72.9,70,1
9b3946cb-e008-4956-bc93-b9c5940e0cf0,2:21:09,109.5,63.05,37,1
788712a2-c14b-42bf-892d-a755c58fb625,5:02:00,92.25,70.83,213,1
bdd085c6-00cf-4642-afb6-79b77154af20,4:37:44,96.97,83.3,28,0
59aa4918-aaa7-4103-ae76-d084eec5d868,3:29:47,105.32,83.4,255,0
82a0540d-20b9-4cc5-bc49-d49af3266d22,2:26:21,98.64,78.78,11,1
4c228b0a-b937-4604-a545-eea9c63f66df,22:13:57,100.45,72.35,49,1
d8c6107a-9601-4622-b604-770a04013e9f,2:37:15,94.25,70.52,10,1
938fb864-ec26-49ee-9dd3-1d7bee35ca85,10:02:34,89.69,72.15,141,1
103ed898-f7b3-474d-8f2c-aad178e88a94,19:14:07,95.09,74.9,196,1
046e1567-97d3-4fb7-922f-574ebb5583ae,11:21:37,105.62,73.84,251,1
3220f2a0-0dc4-4fc0-ade7-7570fcc5f504,9:29:59,97.65,66.05,183,1
a10804a4-ca47-4219-974b-3080e75042e0,20:35:11,106.48,73.67,135,0
10a220fc-4d3c-4ddb-96ce-c4165a0fc5ee,12:28:46,92.66,73.67,96,1
d3bac3b4-7332-4297-8b7c-48dd2925b5a4,22:04:39,97.08,64.94,251,1
6a333164-c5a0-4a51-80af-395cecd7df08,9:08:28,106.9,74.31,20,0
2d0d6cc8-ac4d-4f6b-b4d7-be58c870d389,16:27:25,95.45,78.47,9,0
c2600b4e-c7c0-4f36-a7ed-7d62d513a9e0,21:46:59,99.76,71.44,8,0
32ab48aa-d349-4379-962e-144edccedc75,19:47:23,110.59,70.15,144,1
e1fdbb1f-9552-418f-8291-2e3da4016b5c,5:48:20,95.28,73.13,189,1
33777316-b25d-4e55-9335-975c971d1f4a,7:48:22,107.4,76.34,168,0
6b72e998-9404-425f-b971-34e4aae8a700,12:40:24,110.5,70.99,80,1
2c180194-80ca-4266-b59e-6a0ae3f800e7,13:51:07,100.35,80.03,162,1
fb574b03-c276-47c0-a584-97bb3746ba04,9:21:33,100.35,71.2,180,1
8da5df08-f5af-4160-bac9-2a34d011c99b,22:28:14,90.08,69.36,176,1
c2a6699d-4236-428b-a57a-86570609b891,20:55:26,102.73,74.65,26,1
e187b9c7-3c8d-430e-8902-b2f71c34e489,10:57:43,93.88,76.25,31,0
b6a71ec6-d135-40dd-b6e1-12bf4994be28,2:39:42,110.11,79.0,56,0
ace5f673-70cd-429b-9db8-472b3b620e0f,19:17:43,89.33,70.14,55,0
da9053f7-ff47-4e46-aa5d-bf83ea3b69a8,6:51:54,92.96,78.7,221,0
c97bc0c3-4e1d-4652-9152-5884d90b2a8e,20:56:14,106.63,76.1,249,1
84f11ad9-6118-4709-8e5c-09ada152bdbc,13:04:09,86.16,72.44,23,0
e47fc7e4-1ede-4cca-b1a4-e1a6ebe8be16,23:38:40,86.93,73.71,204,0
5053565f-83ab-428f-9cf9-fbfe73d4afe2,16:34:22,103.56,75.1,208,1
639b6035-7efb-405e-b85a-3bb0363c8d18,5:35:19,101.45,73.45,152,1
e3a54814-525b-4ffe-9cda-f98964f4dfb4,7:47:02,105.88,69.27,137,1
a9399666-7c79-4a64-8451-d64607072214,12:47:02,111.1,78.06,157,0
ffa09472-9dc8-495c-91d1-cf93ca6645ef,3:50:02,102.48,72.63,191,0
42465112-a746-40b8-a509-0bb6e1dc62e5,19:21:31,101.47,73.81,149,1
02f3bed4-99b5-4f73-b4ff-37280206bbc3,5:18:08,99.61,77.14,152,0
0653114d-0f21-4d68-af45-153768457491,3:26:52,102.16,89.57,9,1
3a316bc6-5908-443e-9429-bbf76be74ace,11:26:43,109.23,70.54,248,0
c11acf02-2352-486a-83df-cf7ac4f988de,6:20:05,104.28,75.54,109,1
baeebe0f-e94f-4f68-8b59-0dd80f43d36e,11:25:54,106.26,71.5,25,1
2e7ffb44-f70b-4b9e-b0fb-bd9129302bde,2:38:05,101.64,79.16,253,0
72235df5-ba02-4abb-8c50-68d4635b7397,23:23:18,95.79,79.18,135,1
f2869943-541e-4221-89b5-b249f0b1d1ba,5:02:23,108.49,71.99,43,0
81ad0775-c7b0-455b-ad1e-2b5586a73dc4,20:48:05,101.93,76.43,46,0
48cf099f-bdac-4bf4-bf73-1d29eec6a81f,7:49:57,99.85,72.03,126,0
16d4b74f-ef3b-4f2b-ae07-2e101cf6f5f0,15:24:24,95.46,75.77,156,1
318163ac-78fc-4876-aa0a-e6ddf62ddfd6,4:31:05,110.94,74.8,213,0
f626dd11-f927-4024-9584-2fb5f478fe1d,19:24:02,99.62,68.81,84,1
349ef4a1-6c15-472b-a72b-02ad05862636,9:38:35,93.26,75.39,222,0
f22d19b0-d86b-443a-a2aa-6df3977a6151,21:28:06,95.27,73.46,180,0
c7150609-269f-4d73-b533-cdc1e0d1bfb0,3:41:42,94.15,77.66,16,0
f65a435a-66b6-43a6-83e5-a75a5d959560,23:57:28,94.11,71.45,215,0
d9c6c6b9-89ff-46e1-9c92-ec89ed220785,5:15:36,103.51,84.09,55,0
dae5f9ff-b78a-4238-a283-7e0612a56185,17:05:09,106.98,65.99,233,1
50b1955c-05e5-4db0-8cfb-996a90c0b842,13:22:40,109.68,74.98,190,1
23a9dbb1-a5b6-4672-9df5-ed8ef63a748b,6:23:02,99.56,71.72,198,0
21268a4c-b557-4044-83f6-00ceefdc3081,16:25:10,96.47,62.88,19,0
0e2102af-4554-4be1-8f73-d83a0a73b733,0:15:34,98.28,72.21,147,0
066a54f1-e5d2-45e1-a239-68d0004ae500,20:32:42,83.91,69.51,218,1
0578b646-79cf-4ebe-aaa7-da369bcf3433,10:29:29,101.98,81.2,142,1
48ac47fd-a390-4be3-bfca-6fab0b17e338,16:58:12,100.03,70.18,62,1
497f6b1c-9ebe-4af5-986d-ef98167d2267,22:52:20,108.53,71.91,47,0
b3f14fb1-3448-4c49-a6ed-a369063a84b9,1:50:59,95.47,76.35,222,1
d1083a5d-1b22-4604-a2c7-0d955c64f2c4,1:27:23,86.17,79.33,56,0
a50e64a5-66ba-4b05-86eb-5d028fe046d1,21:27:09,91.45,81.59,104,0
9e73b3ff-9559-42d9-be42-df7e612db0e8,19:15:18,98.07,76.01,232,1
8588869b-4ea3-4d08-90bb-964e9a50e65a,7:09:33,112.42,70.45,229,1
43c370dc-d41c-4dfd-95db-5038a2893f07,16:30:12,94.36,78.25,130,1
6b3dcda3-bf2b-4bb9-8d4e-186d7f6d08ce,6:55:40,101.43,76.75,97,1
45909cf0-8717-4dff-b290-062fe9c9991d,22:49:43,103.56,73.19,165,1
91c881eb-dd00-4baf-a229-4736bfc54253,13:43:30,96.36,77.2,86,0
5bc92642-7008-4451-882a-f7b994b27024,20:01:36,102.94,80.15,35,0
645e5673-7da2-4962-9509-83c95d3da395,18:17:48,98.22,70.59,41,0
a81c1295-6ce5-4e10-a1c5-ca8123b82c5e,16:23:38,100.85,77.28,201,1
2864ca07-6e6e-4b47-8e92-386e07585365,8:47:26,93.47,76.55,115,1
f90b4318-4d32-419a-9f17-613ae05557a1,20:48:07,101.71,70.53,43,0
401b6733-cc79-4dde-b04f-974ea21ac9cc,23:38:40,101.74,77.73,44,1
0f1280f8-2ab7-43d8-925c-8545d80b10ed,7:42:25,89.16,75.19,91,1
1bf8ed44-93bd-45d2-9f28-5ff615ed72a6,9:13:57,89.83,73.65,209,0
af0a31f8-714e-49f5-8c6e-84598d77d969,20:17:52,108.46,75.01,251,1
cd1be2d8-9a83-4fbb-a62c-3741ec5f4394,19:45:44,102.54,68.22,59,1
0d7390e5-8f47-4458-9348-8c9abbd2d6c6,13:46:26,105.44,76.56,203,1
192bf836-6ff3-426c-8634-017d848983d3,12:13:28,104.99,70.94,210,0
2652a441-7364-4ec7-9c78-7712846b7d2e,2:39:11,100.42,85.58,1,0
903a71bb-50a2-4b7e-9e35-09865da149c6,3:20:52,97.76,73.45,26,1
cdea0362-8cf1-4c82-aa73-bc696dacc85d,16:13:18,107.47,76.29,139,1
c746350b-bd6d-4819-bb5a-d4135b64162a,1:15:51,106.29,70.7,183,0
94428d39-e1f9-4d7d-8a88-f8e450e537da,21:52:16,113.17,76.53,87,1
0a3d5988-8fdf-45ae-b2d6-4b5ca33677dc,0:28:53,98.69,78.15,74,0
c7311b0d-b3d8-4137-919c-9bb1bb646ed5,12:22:19,92.3,84.78,88,1
134032ac-3d58-46cd-bd8a-3c567898c9ab,4:20:02,89.78,75.47,191,0
c8bd29df-0976-406e-991e-b9403b30ff07,17:38:34,94.62,66.36,47,1
6244d9c5-2bad-4684-b5c1-958f0557c039,19:56:54,95.44,71.19,182,1
eea9a748-a26b-4207-9265-0732c5031aef,17:02:44,103.54,77.35,196,1
bc3e0193-3362-4131-96b8-4f3972a1fc61,3:37:02,100.24,73.54,15,0
e64ff5ee-2991-4801-a06a-4c14f11d9482,6:18:28,95.03,76.62,54,1
9ddf28f6-c818-4aca-888e-5e47efea8405,11:25:22,105.17,85.05,41,0
2aa67082-d2e7-4671-b9a7-6f2a8827ae53,23:26:33,106.99,77.23,13,0
2f56d47a-55ca-4988-b38b-625c91dddccd,17:16:07,109.18,72.06,60,1
75acd44a-0a4f-48d5-86b9-328c449adc71,16:43:20,92.46,63.03,188,0
d135c476-7843-42e4-b102-521f4b45f155,11:43:44,94.55,75.95,212,0
e61b7f96-5dde-40ae-918c-fbc0a28e3929,13:50:32,102.93,72.11,189,0
e5128a02-b74c-4540-ad86-5d55ca53e2f3,18:09:10,101.01,85.76,40,1
94070b42-568f-4e62-a234-d86fbea95831,16:58:48,102.68,72.78,135,0
16b4d283-5b4a-4d68-8de8-fafdf7658e81,22:51:55,99.96,67.04,6,1
ee32a622-93de-4206-ac6d-3cb12d012555,13:48:31,100.6,75.42,55,0
57256343-4216-4339-b8fe-728b7a058508,15:30:02,103.7,84.85,233,1
3b83c07b-4a5b-46a1-bddb-3792dbe4bb60,9:22:09,89.1,72.95,106,1
fa43b345-dd94-4393-8169-7d57bdf85012,5:52:57,102.98,66.62,169,0
2bba98e9-6c7a-4311-8f1e-3d402f1350c6,3:47:59,99.61,74.41,151,1
82599197-89ff-4d47-9617-987a3d51f49a,22:25:55,94.83,72.93,138,0
b556a4c8-11cd-41d4-aaf0-cdb7866b5522,8:15:54,107.34,71.27,134,1
9f6d2c3d-8add-423e-8442-8317e5540c06,10:29:08,112.91,74.71,242,1
91d5924d-b12b-4e94-8181-3446aee62475,12:19:13,92.66,71.07,125,1
df9fc83b-f088-4445-a9c0-70498986ac08,22:06:10,98.72,75.86,49,1
e795a83c-f1dc-4748-ad06-b737f1a09e28,7:39:43,92.22,66.65,178,1
fd25faeb-9730-425b-88d9-d90acbaadc47,15:55:39,92.93,72.3,146,0
d3f64922-811d-4cb1-a65c-76f23b8e70ad,19:10:59,107.14,74.47,173,0
ada4d6da-c907-418b-ad29-bd966d5a9f2f,21:04:50,115.13,78.76,38,0
f7b69774-7f3c-441d-a6da-8c108f2c5dc8,7:19:16,96.86,76.2,63,1
ba8508c6-9e49-4bbb-931b-97777ecc0b9b,6:21:54,107.48,74.92,247,1
e0618129-5297-44e8-939b-59187dc69a21,5:12:29,109.86,77.24,226,1
8011e784-ec27-4b3c-8306-6496dbdde553,11:23:48,99.67,75.1,212,1
6bc7a15e-6ef5-4311-9342-867e048a8d7d,14:41:20,104.95,76.16,167,0
35e41adf-a01d-453a-99e7-ff4f898b8068,5:27:36,101.07,78.98,77,0
06baa07b-f0f1-45db-aa25-d5ac7f410b5e,18:48:23,96.38,78.42,111,0
258e7aa6-7609-4fc4-9ebd-ec11f986c677,23:36:03,98.95,74.93,75,0
3fd9438f-b303-4c0f-8fab-063437751f44,2:07:25,104.75,78.78,123,1
99788b1d-e9b6-4b54-a23f-ca5107c5e27f,1:14:32,99.25,72.86,168,1
720c0207-f449-4720-88a8-0ecec3bf426d,0:42:21,102.4,78.48,209,1
1b8cf07e-8d0e-4c0b-a834-72cf682e036f,2:39:23,89.54,65.46,77,1
184878a6-7271-4f2b-9f5a-370ce07a1f8a,16:22:51,90.36,71.67,86,0
fb9f37a6-df89-4f3f-9f96-0d0c9f0baab7,6:16:45,105.01,75.98,158,0
32723546-69a3-42bb-a2fd-46ca18993789,10:35:20,107.32,85.72,195,0
87cd1ef2-cace-4346-ab51-95824176c77e,5:52:05,103.91,74.56,198,0
c83e3ad4-6f25-4322-b649-32b6c8402ec3,15:39:27,95.77,73.66,128,0
cf4eeae1-74b8-442c-937a-4ae113c6cfcd,20:21:10,90.41,77.76,95,1
1faa053e-04d4-496a-b1f5-f6a516c3c259,3:18:43,91.68,79.11,64,1
103cae71-e358-4ee5-99ae-bacf7912ab6e,7:24:06,96.93,72.23,99,0
a073c830-d25a-45e9-9647-354d5b2b6666,9:54:13,98.15,70.64,231,0
97e8af54-3655-412e-b944-6fffc7467c02,11:47:40,95.29,86.23,111,1
c6ed29c4-f64f-4595-8442-38c06c9acb39,10:27:47,92.91,81.08,21,0
67577fa7-3a63-4a20-8b6e-4d9aca1d2e03,7:26:54,93.6,82.62,159,1
d97112ec-21c9-4c80-a64d-f0fb8cbd5854,20:32:40,111.52,76.67,124,1
87bceb83-1dfe-4365-9d09-9bef31c97ffb,9:11:36,99.78,77.39,76,1
0a3bf6af-99cd-4e6d-ad36-648755d75d8e,14:11:48,104.38,67.74,219,0
7fcb58f1-7036-4897-99c4-c9d29bc18f34,23:16:50,104.39,73.83,105,1
687deffe-6e99-4b52-9596-c172277c7c8d,5:47:41,90.36,73.03,40,1
bdff6338-e2cf-43e0-ab01-90a3ad947655,23:46:41,99.1,80.1,245,0
030409ed-a5ca-448b-84da-109a774d6f3c,5:48:13,95.57,75.63,153,0
5a7402af-df60-472f-ad41-11cf522ecf61,7:40:55,109.1,81.25,2,1
5ada001c-ae48-4647-a052-a6a23934446d,7:39:10,91.62,77.62,38,1
bef7fbc0-28cd-420a-800f-4457ef3976c8,4:40:09,100.84,71.84,68,0
d201ce2f-8392-4d48-9fdd-b699f14aa573,18:52:37,90.5,82.42,142,0
e4a58d8d-6ce4-4664-8793-b50c3f1cdbb1,13:01:03,97.65,74.54,24,0
9e802c05-520e-4c35-a5d7-25c52c1ff5c5,13:46:45,98.65,75.85,77,1
a4b88b84-41fc-4160-90e8-23b83539f7c3,16:22:26,90.64,72.48,37,0
2e97621d-153d-4f6b-a662-09bd2c9afadc,2:09:21,96.83,77.08,152,1
e29a2393-3753-489a-bc39-5db8b5450d71,17:11:34,100.58,79.51,212,1
28cf723e-e03e-45f4-94cf-a5290eec0c26,19:48:31,94.23,78.68,226,1
2facabdb-4d4a-4cdc-894b-d94967d48720,20:09:11,105.76,79.7,61,0
def51732-9eed-49fb-bbd5-af67d1bab36c,18:29:15,109.08,71.62,119,1
e7d2cff7-8d66-4323-bb8e-22f3502dbc07,20:32:50,112.48,75.55,212,0
7835243b-2ee5-4245-936d-2558067f746b,12:26:47,99.37,68.06,26,1
2323197e-771d-420d-99a0-900d481b807a,6:31:03,101.29,78.74,151,0
fc3c8673-8bb8-4be2-85c1-cfaca67a9d56,13:29:45,99.63,73.44,122,0
bffdfcbb-0f1c-4362-b754-d8b16903837b,18:24:11,106.79,69.52,19,0
964e2fc5-b556-4cff-a133-d8c636d84f5d,19:01:01,98.18,73.57,241,1
0e10ae61-4119-4871-901b-11577feeec1a,15:19:34,113.8,76.93,16,1
e1678b03-c920-410b-8a49-5798b31b059c,20:53:01,102.69,74.34,171,1
f2ac77f3-2776-4e8e-9838-153121f24436,12:05:00,101.09,79.36,43,0
728eba85-672a-4228-871b-f35ac424a9e8,18:26:48,98.51,68.32,115,0
fc16a953-8813-4af5-9116-d86a8889fe00,3:51:49,95.26,70.32,70,1
3bba5b11-c3b1-45f1-89a0-c162280d1118,1:16:24,98.29,72.33,173,0
c13ff983-c101-4c20-83dc-b8d9b3fcf02d,21:20:57,103.21,68.51,104,1
1df7bd65-7b13-4b14-903f-c76a344ffa4a,2:25:22,109.59,77.35,115,0
9aa53fd6-15fa-441a-ac6c-2726d4c0a1b6,23:03:50,88.96,74.69,232,1
f6356a25-dacf-41af-bb99-b89477e9ea25,4:45:07,99.99,71.43,251,1
acfaa02f-1fc9-473c-8f32-2876a4ecabf4,21:23:57,102.97,71.34,67,0
e570f55f-5e7d-441d-853b-4fcd715a6a34,23:23:55,104.75,79.32,41,1
4b68e271-a631-4484-94be-2a88c48042ad,6:45:03,92.42,79.73,194,1
9ded7afb-1c76-44a8-a30b-96924c359f95,4:48:48,104.68,78.64,37,0
68024493-e020-4578-ae6d-25dc79c96b9b,10:31:47,102.69,72.84,165,0
c4879e2e-3068-419b-9a92-d4efdd7236ae,15:16:02,84.92,80.43,190,0
c0fbc699-af7a-4947-81c7-03a86affbf96,21:33:49,109.41,70.95,231,1
dc67b0c5-5bee-443b-84e3-be75e4d3a652,22:47:19,112.84,73.07,215,0
e552c93a-d6b1-44e8-aaf0-1076b36a4a3b,17:27:03,108.71,70.77,189,0
7c1ceb2d-a4c9-4f8a-ba3e-e7f5d2b189ba,6:42:46,94.04,67.22,70,0
e4bd6759-c657-4e68-8d91-5e26c9ac0814,5:14:36,98.33,77.92,92,1
d4d1eea2-0d16-417f-ba98-e3ea271713e8,5:34:37,99.42,84.43,99,0
a30dc9b7-0484-4432-9a4c-84438d93eff7,6:05:51,104.59,72.5,213,1
d0cb4636-25be-427f-adc1-39c1797f5964,0:38:54,95.61,64.68,246,1
b1b38487-358c-4e0a-9e8e-65763011be93,12:54:41,93.65,76.07,101,1
d2a373b5-d967-4aa5-aa5b-5167213eb3fd,7:29:19,101.67,80.7,213,0
b702dc9c-2a4c-4e90-bfbf-e04b108eb026,9:45:30,96.37,72.11,145,1
c76325ca-b7cd-4943-a004-a9712ba869d4,0:09:11,104.79,77.66,105,1
c37576a2-5bdc-4f4a-8688-1e83f3eab617,22:28:03,112.3,79.5,78,0
9a42b4b2-90c5-4c99-bf8d-482ec07c00b5,20:25:07,97.77,66.08,252,1
e79c6ad2-3e29-4158-ab58-9d07efe353a8,0:39:52,101.55,81.85,234,1
8c9d7d55-ca6d-4757-ac58-bee73a3bc5f2,1:39:23,97.17,71.51,230,0
dad540f6-8156-461a-a51a-213ce397aca9,5:30:11,93.65,73.19,90,1
e62e8d05-1428-4ddf-8fb9-645d22fe462e,12:15:17,99.22,76.41,41,0
b0cefcaf-3cea-448f-b7fb-31afc9af1091,5:32:32,95.93,74.73,230,1
346b0072-0947-44c7-a2b5-bfa5bfeab96f,4:40:26,96.87,81.11,151,1
1a2f5a45-0fa1-4b65-94f8-81611e28c418,2:39:49,104.41,75.22,21,1
078dbee3-536e-491d-b824-1a3e3a6f84b4,1:30:15,111.43,71.56,207,1
71e95eba-8eeb-4e7d-9c04-752a7b91d49e,2:24:56,94.2,75.41,126,1
11ffd582-9031-4d24-842f-2d5d33f386ca,3:21:35,91.9,72.1,95,0
c7aaaf20-ebb2-4d11-9ac1-f66047cafa71,20:32:07,102.59,75.38,154,0
489fdd41-d6db-4737-a926-03e0a6cce3e0,1:37:49,99.16,67.73,148,0
6d4abc1a-1390-4ba8-b343-172c24885fe2,1:44:45,102.51,66.94,217,1
2b17c586-0cc5-4ce9-a78f-09a00d78cdca,18:09:14,100.53,76.6,252,0
63c806d1-af7f-4529-8c8e-5e9dc1c203a0,8:32:59,102.14,68.28,17,1
eb5d29d0-9bfe-4195-b730-9785d2e534e8,8:44:58,99.95,79.09,63,1
6733b83b-5f3d-40be-b309-3c4e97504191,16:10:17,104.83,68.58,224,1
e0a3b4f7-8c0d-4bc6-9706-8f4b73cd5f8e,7:31:03,105.53,68.01,24,0
0b3d285d-e92a-4e4d-814f-d1d4814c49ed,2:48:22,95.54,74.89,105,1
c1dea863-df77-41cf-89d8-9a2f33fb7c5d,3:47:21,98.5,70.1,19,1
2bfbb257-d2ed-4d1e-bef8-d008cec58e19,23:11:52,106.54,70.36,70,1
236bb707-7a2b-4be3-9699-88113ebb17ac,9:25:04,95.38,75.56,4,0
a956fa03-43c4-4ec8-a39f-288b57fc9a30,2:52:32,98.45,81.43,145,0
dc3b7182-e9e8-42b3-a735-82447badcaa5,19:54:45,101.03,80.53,150,1
6f5b6323-d658-4a1a-ad18-92e7c0fefb2a,1:40:14,94.14,72.73,84,1
bd491bb7-324c-48f2-81e0-c6bc1114e5b8,7:13:35,93.44,69.15,227,1
1ca6fc51-0a8e-494f-bad6-c383e5014ffe,19:16:31,107.08,74.43,163,0
6435ff9e-a666-4e2d-8b59-d991ebdcf839,4:13:52,101.45,75.4,189,0
a41d942e-e4a2-46a7-b528-c842e85cd878,1:42:16,102.88,67.51,194,0
8b29a6cb-144d-4f8b-918f-3c292cfadfdf,17:16:32,88.12,63.22,65,1
8cca9726-2143-49cd-94fc-19e6be3f49a3,16:52:12,99.48,83.56,99,0
b37f6be1-613f-4cc6-a23c-27908a283aff,19:39:27,112.94,81.38,103,0
935ddf61-fd31-44e7-87bb-668dad568ef9,18:07:40,96.18,82.25,223,0
1156ee30-0080-40b8-9581-08d033b2b688,20:34:32,90.93,78.62,173,1
4d78c30f-cfd3-4b5c-b61e-755bd16e3f72,5:32:58,96.35,76.01,142,1
dbcbac2a-4df7-4dd8-9891-5e5d8c746d4f,14:53:57,95.79,86.23,225,1
677b6aff-8fcf-4e45-a54a-5919531ca69b,21:54:05,102.98,85.99,168,1
cc54e4ac-4cab-40a8-9e0c-a8e2fdd47c04,23:15:12,102.83,73.09,125,0
328f80f8-7907-4e9b-a9ff-6c1b8ade61e3,9:00:43,99.89,81.97,220,1
ca2df325-ad53-44e7-9cf9-214cd7ed8a3d,20:30:20,90.55,77.07,38,0
3122bcd8-956a-45f3-8506-60187e76b6ce,3:20:23,96.73,83.3,216,0
393096cc-df08-45c7-9858-51f3558d3fc1,18:27:58,98.89,75.53,190,0
e4b1d1db-0e1a-4d3a-9e19-48915f86d8c7,8:37:31,104.86,78.31,202,1
30620732-816e-4a0f-b4c7-31c078828e71,3:51:44,93.74,74.05,125,0
3d50a05c-fffa-415e-b263-f9cd7bf1dbd6,20:07:01,105.52,81.19,43,0
91c5f25a-3d06-4335-9ef5-2fdd40cef00b,14:42:25,101.37,73.41,128,0
c50e0b8d-ffc6-4ad4-b399-8e5c59bb37eb,17:46:52,96.05,76.1,224,0
2c4e76d1-1d26-4754-8e25-a630b36d0009,22:31:25,108.53,74.15,200,1
6849a8d8-05f1-4b99-8fcc-b771ccc78146,10:57:36,92.12,77.97,56,0
5659038e-f493-4175-a054-8a8456a774eb,5:51:50,106.84,76.3,190,0
a31a6e5d-7c95-474f-a410-059b61d44ca8,15:48:10,99.3,75.96,6,1
2d116c2d-7796-4213-85c7-5b420b582960,3:45:27,99.36,71.39,104,1
77498af5-208e-4f06-98f8-63f4854eb6d8,2:07:28,104.85,59.34,64,1
02f8f7d7-a63f-44c6-a2b7-2cb06be964cd,21:17:51,102.02,67.32,5,0
0b1d441d-bf07-4e67-9f7e-6bca09189805,17:19:20,103.46,82.51,3,0
9f7e978f-44c7-4a97-940b-b4b35fcccfbd,5:09:55,102.92,69.47,35,1
038cde4d-d5cc-452e-b410-dd982cb1b4cf,2:50:36,101.96,71.17,57,1
e39d5d82-1e3e-4e79-9412-6cc5c93d30ba,14:06:11,95.68,77.5,175,1
c7bd4cb1-f899-40b7-bda0-ffcc5cfcca2b,17:57:21,104.54,73.82,89,0
a3c2f923-7457-4214-a814-1b264d29c1ae,9:51:19,102.77,70.45,217,0
274dadf9-7d2a-45d2-bf63-1812df32d9a3,5:07:45,110.4,76.37,15,1
1b892578-e022-44a4-b230-6020fa3328c8,12:29:13,88.12,74.3,235,1
b674fbcb-b9a5-473c-8772-3f357cb09f8b,11:46:07,87.76,73.05,4,1
5c48d960-a0da-49cb-842c-e18c56513113,19:50:27,95.31,68.5,18,1
c8bf6cb6-ac64-4f35-a2a7-dfe8249c327e,19:49:15,109.05,74.4,57,1
aa7f8fc5-b425-4397-82c2-2148429fe498,17:17:18,97.72,69.88,32,0
40840778-d5b6-46a7-8b48-85a5f41676cb,20:12:52,89.66,70.97,138,0
ac7c7103-d454-4485-b504-d97c5fd96e1e,5:48:32,98.01,76.94,138,1
e4ee7997-6c15-4e59-8350-87a23ceec7b8,20:34:29,101.64,70.02,200,0
1b55f91e-bb3a-46ab-84e5-b28527f0a386,8:42:55,107.71,75.69,227,0
8ecf763d-f7f9-42f1-903d-b5d7b6c63350,11:29:43,100.76,78.78,53,0
34bfb27f-eea9-4950-a3ab-2c327abf77ed,4:06:04,97.75,77.3,36,1
d7d8a4c9-9aae-4eb2-a951-7992ff4db2f3,3:47:52,99.38,75.05,4,1
3e8e2877-4c1a-421d-94e6-ce78c84d5c73,14:13:18,95.4,69.84,158,1
1710aed8-fae9-41aa-a69b-297cfc430806,21:18:41,88.48,76.13,239,1
86b1f351-4988-485f-9e82-d4338f1c2011,8:55:45,108.27,77.21,140,1
43358c1e-bfd3-410e-bb1d-2471cb11993e,17:14:00,93.77,67.35,18,1
6cdf190a-151b-401b-aab2-8660ae91fc61,11:30:54,107.19,68.02,143,0
d8de1ed5-600c-40be-b42c-6828a3dad08d,18:59:52,88.17,73.28,35,1
dd6e9685-08c9-496f-8bf3-43775a7d74be,5:21:58,101.03,80.78,208,1
2ef72f9e-fc18-4dd3-9fb5-f8f9023eb5b7,10:59:50,98.6,69.48,91,1
3b463f9f-d158-4e36-9646-fda02e2b12fb,9:07:07,97.42,70.16,86,0
11982c2e-5ab9-42bf-ae21-456aae3309dc,2:30:41,96.7,69.87,167,1
1c3fbfaf-870b-4338-b46a-f16c1adf98f4,16:56:57,89.1,86.73,215,0
94910cbd-1b4f-4eab-a617-0350aa0dd08a,12:47:11,109.14,76.64,202,0
9c77cfeb-3944-41cd-b56c-20584d306856,3:45:59,91.02,76.73,194,1
c9868bce-ad0c-4020-bfba-11ab0cb189f7,18:05:11,102.9,70.86,243,0
a8acc832-e8c9-41b3-b64b-8bfc55d921d2,8:19:53,88.56,71.43,189,1
0658028c-9394-4683-a00a-595ad7ff8612,7:26:55,97.48,75.44,86,0
b902b39d-e0a1-496c-9f5f-a642e7641e15,5:02:49,96.43,62.78,108,1
df14ea7d-d2ef-4727-978c-651e61018450,15:03:34,94.24,76.06,222,0
b6dfa33e-188b-40ee-947f-6171b1b7c6d4,9:11:24,114.26,81.05,135,1
a51446ed-7557-4a8e-a3cd-2724a51bca55,17:58:41,92.67,80.01,143,1
4165900d-478c-4e70-8571-0b27d4db3327,6:04:46,106.27,72.04,0,1
01f0a15c-7537-4fe3-95dc-50e3d28a5885,2:15:44,105.14,79.65,168,0
da2ea2a6-34c9-49cc-ada4-e543b83fbe05,22:04:51,108.57,69.71,0,0
92eb9e74-1eee-4d88-9af5-1182e8933e6b,17:33:07,99.85,83.39,40,0
75abaf8f-d8da-42b0-b89e-5313218defba,3:04:56,91.44,75.96,103,1
b5079044-873c-447b-8f09-18578c943fce,0:20:12,92.78,68.86,239,1
c8f8b81a-c895-4343-9c8d-a6d570736375,8:33:27,110.8,82.99,198,0
3ffb1d04-f5ef-407f-b165-7ca21a184ab9,18:37:54,98.15,68.51,18,0
812bec6a-b49f-43c9-9fcc-8dd80f3d40f4,9:43:45,86.45,72.76,74,1
9212758d-f654-48fd-aad9-c259553ef420,1:58:25,92.88,71.22,167,0
faf9c540-cafe-43b1-967f-e20bf73d6c09,4:54:34,96.7,74.48,92,0
c7d17db3-0915-4cd1-8a33-e4da4a906dda,10:33:32,108.35,66.6,214,0
2d29ae25-1466-4cb0-8237-c42273dbfbe1,11:50:51,95.26,65.93,229,1
d9257666-f32d-40ed-8133-5e7566fa5ca9,20:18:27,102.33,76.84,19,1
c6d88d77-9d2f-4022-9bdf-59345870c777,23:41:36,91.97,66.79,241,0
84cb28bc-52b5-4f3a-9fde-09e51cea8962,13:52:06,100.29,82.33,50,0
7d6477b8-7869-4fd2-bb00-6ebda8b281b1,5:31:45,107.68,78.07,28,1
c60ca77f-6dd0-4ff3-903b-9f7cb88b0ea1,11:51:58,102.6,73.7,181,0
64362726-7e93-4424-b6be-6a8eecd8ecff,10:24:08,102.97,74.52,96,1
3352d3f8-aa25-4541-ae03-8da5226b8dfe,3:06:51,105.56,72.69,3,1
167fcb0b-14d5-431d-a88c-89d71eea2598,23:55:22,100.54,75.77,121,1
d534686b-1c00-4638-830e-a08eae746cb5,14:39:46,104.37,82.19,75,1
587a5d3a-8243-4266-ab9e-cdc9b03acb34,23:17:16,95.21,75.03,11,0
64e6284a-7eda-41bf-9748-767280076b3a,4:07:34,108.32,67.78,46,1
c0c1e7ae-d3b3-4e09-ab07-d84c424429a1,15:53:05,97.97,84.52,26,1
69979b4e-d3b4-445a-87d7-ad99d17a7fe8,8:05:16,103.3,79.29,84,1
04de6ad4-268f-4e79-9a0a-f4e2cfd0b839,10:06:34,110.46,76.65,99,0
164e1ccb-57f3-4ed9-a91a-33425d9fa45f,17:27:44,99.45,75.58,141,0
a4376fb3-1dda-49a6-ac38-91be9f0f9638,5:01:55,106.61,76.59,253,0
7034ebdc-8617-4ca9-9883-bbe27e5cb993,4:00:03,102.33,74.19,201,0
8da5aea0-d6cf-412e-94a6-b0f0ef9f0e13,6:05:05,103.7,77.43,153,1
58afab58-8eb9-4798-9d31-9a6999486afd,10:29:28,113.81,70.55,249,1
ca04f468-4744-46ea-b240-b20e07ef7417,14:53:57,101.04,78.53,185,1
aba34c77-e73f-4147-9fd1-ed23a1d072e4,10:31:10,104.92,68.09,157,1
5c611f51-fa64-42ab-8521-497ab2455566,16:44:41,93.61,80.37,96,0
318dda99-60bd-47f2-8642-7c7152c877ac,1:13:09,96.36,81.99,113,1
0f5be9b9-bdbc-4eef-a716-e1a1fac731ce,8:48:33,102.45,72.93,86,0
63399e5f-f2b8-47ad-85ed-30f1511371ff,13:31:35,100.58,75.08,80,0
79d779f7-744c-46e7-9007-9e353a5aa899,17:10:34,105.88,67.9,224,0
7a2c7f96-4d6a-48c4-8075-47463fd6c7ea,9:50:52,98.63,65.21,239,1
b35891cd-02a9-4037-b088-54177bd6518e,14:03:40,101.49,65.51,74,0
07c09208-2ea3-4fdd-a7b5-050906197820,5:17:11,111.75,74.54,11,0
6e6fcc34-a587-481d-b369-d1c51898c590,8:42:26,109.74,71.55,16,1
2c1e6335-bc5f-4f08-abfb-c53bf056ff40,9:01:25,104.59,69.64,242,1
5e4ddc9f-9725-458a-b453-78fe867e03de,22:03:55,102.1,78.38,47,0
32e05229-3cfc-436f-957a-b60e539ec8b7,22:33:13,103.32,76.79,185,0
0d4c4f2e-27b4-4a55-b0a1-41ca074c5df6,14:38:00,92.15,71.67,9,0
e5bda770-01a5-439a-bb9a-4d9ec31fbc4c,18:48:18,100.1,75.31,90,0
87a8144d-8867-4bb2-aed7-c8d2e75e70f4,1:13:01,119.18,72.91,93,1
a2af42e7-adf4-4671-aac3-87c5efdfcff6,10:02:22,99.71,81.95,46,0
453e8712-274c-4627-8d0f-f54697fd8626,18:12:21,96.5,71.9,105,1
b09ff960-6233-4f1a-9f8d-4be8cf9de679,15:44:40,109.9,74.74,154,0
4fe4832f-fa58-4300-a75b-d5aec7d66811,8:01:54,91.29,82.07,226,1
76a5cbab-8a08-42bf-9f7d-e2cdd143a1aa,17:33:15,96.94,78.98,120,1
bd5c3363-6d4f-4b45-a687-3bd72bad7922,0:48:44,85.71,73.54,14,0
3998f722-31bd-4bf3-8492-0e2197b2c8c7,3:57:02,94.93,77.16,218,1
61bd287a-c424-4682-8a99-a1ddccc2b2cf,6:13:50,92.96,78.3,130,1
a4fbc430-cf02-4cc8-85b2-a6cc20557d12,1:14:17,92.16,72.91,232,0
a76e00da-b022-4864-bb49-28d9b7929e53,20:08:27,104.04,71.22,139,0
369d0f1d-6d03-4ca1-bd89-f4dd99e0fb70,9:45:06,107.79,70.47,238,1
9598d934-352f-4b5d-8386-fde6415ac4b8,11:47:51,103.94,78.42,7,0
2673dd47-a798-4c70-974d-a7d2852b43da,20:18:56,103.91,67.1,167,0
68e4a11e-11a9-4bbd-8660-6cfeae1d158d,16:37:41,89.44,78.71,131,1
5503b204-d384-49b7-84b2-772eee3b1dc2,16:56:03,96.74,75.2,238,0
6f416d86-c127-4f8d-b241-1a689c87c7f2,7:15:25,102.09,84.29,251,0
4c9736c3-b8a0-4c39-bee1-4aa80879a6e4,5:03:00,104.24,81.54,138,1
07a1c3cc-6a8f-467d-b16a-1d31cf599885,19:27:39,106.04,75.2,195,0
914463c5-6a25-4a5b-b4af-d2c22c2941ea,2:27:03,100.81,75.16,12,1
d14e0b21-85a1-45d4-a666-3630338df6a7,3:31:30,91.18,68.87,199,0
2e258695-8db2-41e0-b060-942f25514816,20:11:35,106.96,75.31,63,1
c87f5f7a-55c4-49dd-905f-86b5d358814a,17:09:04,89.6,66.24,1,0
5f85f770-3188-4503-8a0d-4490fbd50a07,21:47:53,99.24,83.91,22,0
b4add0b8-aa1f-4936-8dd4-e34ed1639858,22:12:20,94.92,71.28,86,1
faabd7d3-fb6f-44e8-9d39-68ef6241869d,18:39:16,98.88,77.57,164,0
71c2ef87-8f06-4a8a-b579-faed951ee437,23:03:25,106.5,74.08,140,0
cc424699-867e-46b8-a8de-8cb002ba5ee6,7:21:35,85.09,74.99,87,0
4cbf0331-3349-4a68-9fa2-c380db58d5ef,7:50:37,87.27,84.2,254,1
8fb8745a-f056-44de-bed0-56bb2e7dd161,13:12:43,101.74,82.42,7,1
454b05b9-589c-400e-a682-8ed4dbb6f309,1:24:04,104.08,76.14,233,0
bb440496-0d1b-43a9-a00c-988276912c1d,16:46:12,107.93,79.15,47,0
04fef1ae-6029-403b-8f6a-21ef16f0da34,1:10:41,101.66,70.14,85,0
a4413103-c0e4-4e67-ab80-cf2c1cf9f52f,23:09:43,91.34,77.37,58,1
9861cd51-b6fa-41c1-b7be-6d8596a0edc3,14:18:12,106.55,76.26,225,1
11099121-5ab1-45bf-a6b6-9f5f6f1f8cb9,5:20:30,98.66,79.95,127,1
d242141f-ce8f-4d79-92eb-8187b3689bcb,9:10:26,97.76,71.35,88,0
b75d8c28-f99d-4ded-9ad4-9e3f786188ed,4:23:23,95.22,77.81,227,0
c96626e0-c9ec-4182-ac67-b26aaf76e3ce,8:18:13,106.46,71.65,169,0
f070ccf1-8bef-4f83-be6d-53df00ad4d4d,2:40:55,102.12,77.35,63,0
4901a18d-0f6a-4980-a01b-87f6508c28fe,8:25:57,106.83,73.08,112,1
83fab831-f85b-4010-8236-1538fe190871,16:04:44,101.17,72.34,197,1
44e71c23-672c-46c2-9f5b-156234029fe9,21:05:03,94.55,81.43,136,0
a4bf055d-9e00-460a-8a1b-6db676293472,9:17:26,99.44,73.92,226,0
b57a68c4-d0a9-4bf7-b4f1-17754e01c513,2:51:39,102.74,74.08,10,1
454563dd-0c0a-4021-9ce6-14cea1aa0657,12:27:49,100.92,60.86,198,1
e68dc9b5-ab73-4733-9e63-1b9f3b22dc7d,6:15:18,96.39,71.46,207,1
a854b8b3-744e-4244-b7ae-6ac9de264113,18:50:09,105.0,75.1,238,0
473ba1ba-00fb-483a-a440-7c1e06df885f,10:52:25,100.35,78.61,111,0
3458655f-9cce-4cb6-929e-baa8d191997d,6:04:06,101.08,69.74,231,0
23991fa0-b61b-43c1-935a-8a25eb9aaff9,0:57:18,108.95,80.28,69,1
17abf2d9-ddb2-40ef-bf90-5403c7cf85b7,21:32:59,98.57,72.39,34,0
e895bf8e-69a7-47a2-b60b-1a39753b8225,9:20:14,101.21,74.02,68,0
bbadc051-4c3e-40e5-9007-af2a0838f673,18:43:20,98.21,77.23,188,0
90253779-babb-4991-9414-27bac9e38fbe,0:37:25,98.83,88.46,217,0
200bae46-339f-4c19-b18b-548772285fea,12:38:42,102.56,69.0,191,1
0c8df2e4-f240-4a7a-9a3a-e1d6d3ff964a,6:33:43,97.74,71.69,205,1
7cb8b888-68ad-45fd-a83b-9f7915f627f0,16:24:57,95.88,68.81,170,1
5c5cb943-7041-4220-8758-1f62f65594ba,2:46:55,98.07,72.43,93,1
412473a0-e6af-4538-8448-e2ca9426f0d8,22:23:39,103.21,75.87,32,0
115e5dd5-a55f-4648-b87a-a8a30d651b0a,18:58:15,104.77,76.13,10,0
0471427f-feb6-4ddd-a537-6b7a133b7411,16:16:16,101.27,75.65,94,1
dd143eec-35a2-4da2-8666-0195a5af1b6d,11:42:28,107.41,69.52,200,1
5c79bf35-6ba4-40a8-8a53-23f9e54dc6df,19:11:48,101.21,73.72,199,0
7d405f65-5f8c-4353-b2e8-bc30a58108cf,17:07:16,97.45,68.81,104,1
a72ac99a-b1d0-44f8-a830-1755fc50bd9d,13:54:16,98.93,76.12,79,1
7f4e0c88-f074-4b4f-a35c-22c4d3c2abb4,3:22:19,98.91,82.76,11,0
79abc1c3-352f-4a89-8700-133eca8c9d02,21:58:13,97.39,72.31,168,1
4408e058-ed79-4755-ae8e-341c8e25502a,20:48:14,100.8,74.39,11,0
257335bb-c8e2-40cf-83b9-650f83d202d8,5:42:17,98.74,82.71,227,0
1ec051a8-3c1f-4576-9ffb-63206c073bb0,16:49:42,100.05,72.95,255,0
0e6998d6-2261-4a62-8a25-6d9fa022bfc6,2:10:39,97.89,85.31,91,0
003a09b3-d1d7-4439-9b2e-c046fd779ff7,11:44:39,104.27,59.95,38,1
ff6e6ccd-8289-48ed-b383-0748474edfba,8:19:43,96.89,78.83,156,1
1c3c0500-c5ba-4831-9a49-a9257d481324,21:01:55,107.31,82.07,181,1
5a077b72-6450-4d02-b542-7d0655f7af1e,21:43:08,101.24,70.32,55,1
fb3e7ecc-19c3-4b74-a06f-de143ba14aaa,13:07:13,100.84,74.38,38,1
ffee86a6-afba-4137-81d6-f894b95e1d90,0:42:08,100.27,68.79,103,0
b44a6065-b6bb-4344-b72c-59253327830f,15:15:52,102.2,71.45,97,0
8c76c279-7231-403e-8278-b847e84fa246,23:49:44,84.53,75.69,21,0
965c4650-9460-4300-aeae-65af78699117,9:29:16,95.59,80.66,142,0
888d9d34-7b55-49ca-90a4-b848e444eafc,3:58:16,104.32,78.57,42,1
4b2ee4ec-1b91-4de1-a180-7cda422b22f0,23:22:30,91.5,85.73,150,0
c41d0a26-954f-434c-848e-141633a7b671,7:55:05,94.56,84.8,46,1
5b3a853c-c966-4daf-adc6-e3816efd1edd,19:15:04,103.64,71.95,175,0
fc2654a6-8100-48b2-87dc-092d1f4332b9,6:06:58,100.91,79.88,94,0
fd2b0ae8-96aa-4b82-bbc9-713aa16932ea,14:05:46,104.16,76.57,177,0
d094d854-2218-4013-96bb-66d00b2dc632,18:28:16,102.31,68.88,227,1
f18d4227-489a-4435-929b-1292521de6e3,2:38:23,93.93,56.83,171,1
e91e62b4-8791-41e1-a9c9-ea64a5951648,1:50:41,102.24,77.14,90,0
dfce9cf9-a4e2-421b-b33c-6f4b80fbe310,3:00:17,103.89,73.38,62,0
d413ce1a-b99c-4662-a80a-aef954395abc,7:00:27,108.4,74.17,150,1
4614707f-b692-464b-8865-844ca410b56c,19:58:08,94.91,79.94,77,0
baaee1c0-1210-4975-aac2-b90a9b2badab,8:26:06,103.9,69.14,175,0
d8cf942b-5f72-435e-97fa-22744a326aeb,22:01:19,90.61,74.92,79,0
c50af9ef-d6af-4710-8aba-0d32993b5330,20:42:02,95.41,78.15,31,0
292cc281-115b-4e49-b991-12be477e2a25,11:00:10,102.57,80.15,186,0
fd6bea6e-89ad-4f1f-88ce-54ee2057c34b,21:44:31,92.78,71.27,236,1
ebb76347-95f2-4e99-ab7c-c4351d1805d9,22:07:17,87.03,73.13,173,1
6a082c56-522b-41d9-be2e-43d720fa7613,17:49:31,103.45,77.95,125,0
7169d308-a00e-4147-a567-58173d4149cf,22:36:23,98.75,72.36,73,1
76ba55f4-f5a9-4a77-bc5c-16403ee2a58b,4:38:36,97.48,76.49,92,0
484f0a5e-470d-4808-a62f-5204b058343e,14:01:07,96.94,69.77,128,1
513c0dee-5e40-481f-a05d-e9b90fcdcc57,4:56:50,105.65,72.39,141,1
b2a51485-a3a5-4434-b14c-5dc109934fa8,17:10:17,103.77,69.57,204,0
922a98a4-17b0-4ae2-abd4-020e2b47b92f,0:10:07,100.15,66.01,145,1
e394841f-b5c4-4571-94f8-7734bf00319a,4:35:37,90.3,74.72,94,1
be2e0d27-46d3-491a-b5d9-8669c4f7b24f,0:30:04,102.71,71.26,170,0
dbcdcd12-58ca-428d-8159-4f91c6f36d09,3:48:20,101.21,79.63,112,1
834db628-a954-41bc-91e7-fe950251cf5a,11:57:19,98.98,84.24,61,0
77cd96a3-3c4f-4102-9efe-86dfe027b114,23:31:48,96.74,63.66,139,0
513665b8-4830-4426-8d1a-5d4747cce873,11:33:08,104.49,78.55,72,0
945b0329-c023-452f-b489-3f10518c9a56,12:54:35,104.27,72.96,76,1
3caac717-2e86-441b-a6c4-7c2bb1f95e7f,16:31:20,111.38,75.03,188,0
4b416c5f-7331-47a8-8cf5-c2f6e12a1149,6:23:43,102.44,74.45,224,0
3a7a0667-9ff7-47fa-aabd-044cea398048,5:26:11,94.53,79.62,233,1
073c9fd1-fb7d-4d21-9d5c-7d1782946b34,3:53:53,114.4,76.38,74,1
c169928f-d6f1-4fb1-a0b1-c1bb14cf283b,23:20:21,99.33,76.42,227,0
a9501666-4e0d-4c41-8d23-387cc83d1fa7,10:04:18,104.01,72.52,217,1
f0caf05c-ecb0-4eaa-b1ef-d06b7d80df48,18:35:43,99.38,67.05,36,1
11bcdeb4-4e6c-42cd-b04c-1db97dc7349a,13:35:04,99.38,71.49,36,0
dd51f134-41cc-402a-b50a-37f98dd482c0,16:12:06,102.35,72.88,98,0
d8aafeb0-e22a-4819-bdc0-96dfc881d885,13:54:06,92.24,70.36,209,0
f09e4cf7-11fb-474e-b6db-fd49b5e69108,17:39:09,96.52,76.73,193,0
d8794d63-73ed-47af-866f-9a4d387b8291,1:46:35,95.05,69.23,86,0
63c52fdf-c8c5-4d63-9e1c-b7192d75fe38,12:07:16,95.92,72.84,200,0
25dd6cec-52a4-4a8b-82c0-2f1ce071f34e,8:58:05,103.15,76.57,231,0
dc4621e5-332a-4727-873d-9dc55d61f1aa,0:16:48,92.2,89.92,88,1
922c6e81-1c53-4564-809d-d543bda55583,20:16:47,106.94,84.0,233,0
22cb85ee-010b-4f06-b675-d760c3584c63,19:47:02,96.9,77.67,111,1
ddf2b2cc-4de3-48f4-a084-ba21f87ac40e,10:15:42,99.2,70.52,89,1
26bc450f-b2d8-4960-8ad6-e09732d17335,7:35:27,96.07,73.25,191,0
744f5975-a9f9-4155-b131-88c7f975d6bb,15:17:57,98.62,72.58,174,1
48d4edd3-53c0-40df-9007-857996312d4a,20:26:28,102.23,78.63,202,0
9a2a2872-17ea-4b7b-8901-91be88aaa299,7:24:09,103.11,73.69,252,1
e5ca0fb2-51ba-4f93-afc9-cb6c6796e235,17:16:49,104.39,81.91,67,1
449e6823-b63d-418a-a75c-d64c7e50c32c,10:54:56,104.59,77.36,148,1
3fe8798f-b407-4307-a4fe-8dcfcc160e7f,16:10:14,95.52,78.78,242,0
333432ae-2c60-4bb9-9881-e9c1d09edd0f,0:27:59,87.92,77.99,7,0
34f16e6e-2a14-48c3-85cf-255329ce244f,19:50:43,97.46,75.49,33,0
8ccfb83f-799c-4ad9-af53-afc7f4cfb375,3:43:24,96.52,74.16,199,1
cfba3d0d-39a2-41a2-8194-8cfeeb0e893d,16:21:27,94.61,81.7,244,0
d513961b-381d-4f5d-9657-022610b068a2,10:46:16,101.7,79.07,132,1
077185fd-8b0e-421a-a711-1c342451841a,9:36:04,102.3,76.1,178,1
44653b44-7de8-4865-851e-618d5a3fab33,1:08:15,104.99,80.49,191,1
16ad10b7-d6c9-4056-a42e-5da7c5ccd292,20:12:36,95.79,72.45,120,1
1492ef21-2494-4358-bcf7-cfc4cff40dd8,20:32:51,105.87,77.58,114,1
eadee70f-a052-4e61-89f0-a5b875827af6,4:10:14,97.33,72.48,162,0
158e924e-2bf4-4d86-81de-43c0a1c72f92,6:54:50,110.7,78.66,200,0
49e4c69a-14b0-4176-a77c-b4bfb67eef9d,0:33:40,104.96,77.62,250,0
0e858e75-c5b0-42c8-9145-9b8af7f8db2a,8:02:52,101.01,72.84,222,1
8ae3310a-e3dd-4cbc-aecf-3ee6c78eb9a8,2:35:33,93.71,79.91,11,1
22438ba4-436e-4655-860a-fb65564911d1,22:45:06,95.05,75.31,235,0
46cd7a83-fa9e-41cc-b0d7-d8d876778222,20:16:16,98.22,80.5,214,1
23f70582-1901-45f7-9467-6df9d2b6f9f8,13:31:00,93.01,74.53,169,0
a6963c1c-fd82-44fa-a4e6-22425a95ed8e,1:57:33,101.61,72.15,158,0
81b110f7-44d7-4b36-a886-cbf842143a6f,13:31:01,96.48,78.94,101,1
1736aea6-0794-4566-9e98-e5ce66034878,2:54:15,96.61,76.32,168,0
0653c631-5d98-4698-bd44-dea180562a5c,21:42:19,88.56,65.6,106,1
b0e841dd-4d61-49ee-8b0c-65f264505944,15:29:07,105.45,78.7,6,0
5c1518cf-2699-4a3d-8fb5-71ee71c23db1,6:05:54,97.51,72.75,131,1
ae0f158e-7cc2-4d40-beea-78056de6c03d,14:54:12,99.58,71.64,75,0
94cf2299-765b-43ce-9162-c6b1e996f2ef,17:29:15,91.8,67.93,146,0
46d2dddf-e281-46d3-970d-797b08aca3bc,9:31:54,81.69,84.77,128,1
c21285b9-d658-4330-bcbc-34e2abcc126a,0:40:53,100.75,70.06,55,1
6e603299-30ea-4ca6-95da-29572aec2872,0:43:38,96.19,67.56,100,0
276a1912-9d4c-45bf-b587-67eae1c78021,20:14:42,89.6,68.01,214,0
dd595c9d-1c2a-4e1d-b1b4-643a5e6c62c9,15:01:30,106.53,77.63,191,1
a1f04da1-5e28-41d4-834f-1c72a60ab4ef,23:48:37,107.99,80.32,246,1
949dab0e-ac13-4bda-a4ce-a20f7e41ed3b,8:58:18,105.17,67.1,198,0
7e9462d2-0076-40d5-9c87-0ff51c28d292,23:47:44,93.29,66.26,69,0
b8a6c753-5391-41c8-bd8a-205006d1f14f,4:14:01,95.98,66.2,254,0
5b5df336-bead-4ab5-9ff4-f71ac2f0c7ea,1:25:31,98.2,76.2,77,0
860d78be-398f-437f-be42-aff55bc779f1,8:26:10,101.81,70.45,246,1
bdfb1c37-fb28-4e91-b3b4-8520a0a2a337,20:25:56,105.21,73.59,112,1
d37e63fe-1763-441e-96b1-b85ff3185bd3,18:58:27,108.01,74.41,149,1
9a933a25-d7ec-486f-b67e-e5f5b7bbb1b6,8:40:19,110.97,67.63,255,1
504f4f33-6ce9-4685-aa26-9bc3b29c4399,10:37:47,106.42,77.52,87,1
2a8300c6-429c-41c7-b0ee-37ec2d727d76,19:09:34,95.57,86.58,108,1
5cf99fbf-ab33-43da-9a16-30470792e5d9,2:23:05,100.37,77.1,30,0
9a1ee3fc-0b00-46ed-b528-5d3ca98f46fc,20:31:43,97.18,83.06,149,0
249ae8c4-46c8-429c-a32e-f29694275e75,23:54:53,100.92,79.46,45,1
6683f1cc-37e8-426e-bec7-2731381b2b1f,4:54:30,102.71,67.17,96,1
e9757b02-6fec-43cc-a697-c9e72da748d9,19:49:17,102.96,67.03,238,0
501d3ee6-9c4d-469c-8262-a9377ad4ffd9,13:32:40,100.34,85.87,26,0
653911fb-1e07-4454-9085-f6b3b9216bb9,11:16:44,99.98,74.78,193,1
64a22231-0838-419c-89ae-f4689e285a79,19:56:08,100.08,74.64,109,0
02297482-63ce-4aa3-8af7-da493e1a0685,7:07:17,104.89,66.78,216,0
236e0d6e-b324-4f71-918a-283cbf72b59e,5:27:12,103.22,74.16,12,1
57e081d9-6914-4d64-97c7-1b8654b6e552,7:09:26,112.93,82.57,72,0
9b14a0c3-6665-4b14-937b-c6868b46ce0c,10:29:01,99.11,79.41,112,1
1940a032-fd2f-4fef-afc6-cd1c080318cf,23:48:39,96.1,79.07,217,0
a2b7dd13-40f2-435e-9a63-2629333885be,17:57:22,97.91,75.83,209,1
9077a054-b8e3-4246-857b-5f861cd3a68e,20:28:57,92.63,70.57,196,1
266fe01d-c3f1-4036-baa9-9d8f1bb649d1,17:43:50,104.51,70.89,230,0
badae897-d24d-4619-9f67-9762999cebb1,23:20:04,98.26,74.09,139,0
7558b79a-1dc7-4afe-96fd-cdc80093bb73,13:06:33,106.69,80.79,210,0
d6e17061-f20e-4b86-ad28-4b04d88d3531,4:42:25,107.29,68.18,230,0
08e5b317-dda5-42cc-a64b-a29e3dc73bc0,7:42:56,96.09,77.44,29,0
8f32f002-0b5a-416a-a25a-c17cf024b4d0,10:50:19,109.71,76.67,32,1
ff9a2408-77d5-41ed-ae5c-d41205476911,1:31:54,112.16,75.83,202,1
61e75c39-3cf5-49d4-8c93-3a20065253fe,18:20:41,101.55,76.97,133,1
446509bd-41a8-4a1f-933a-e34fd79972c1,20:03:32,116.84,72.91,102,0
446efef4-9e03-4f63-90e9-d47277772e20,10:27:51,104.43,71.99,123,0
61b93ad9-b342-4e8c-83fc-daceb8d98ca1,5:48:33,93.69,76.28,92,0
19770d34-aa21-46c0-8a15-c479320ef53a,16:29:42,101.42,74.01,227,1
2d5cb04f-00a6-4f9e-aa66-d3b9425ac696,20:17:10,94.03,77.6,175,1
1ca4ccb4-1415-43d9-9604-28a523f731a0,13:30:14,90.18,79.38,106,0
d98300ec-7774-4318-83fb-18ba32d1fb40,16:38:21,95.85,78.47,115,1
c04c00d4-1587-4711-a06a-74be01a37a82,3:36:25,100.87,76.33,61,0
976f62cc-278f-412b-a22e-438794de5e23,7:18:33,109.13,73.86,46,0
13f54aba-fe28-46a3-9c61-bd71674afefd,21:56:31,91.9,79.95,30,0
3520599f-de64-4a53-a814-4daf8e7e7d0a,10:31:34,87.87,78.7,173,0
3483a870-27de-4b43-ad62-35539ae58bc4,9:57:34,97.04,72.48,66,1
e957a18c-bdee-4bce-acaa-43fcc2a5405b,8:08:40,104.04,66.17,226,0
cf337810-d2f8-481a-84e7-35bf00ef4cd6,4:10:34,93.51,75.16,133,0
94abe07d-f6a9-45af-980b-0fe9f854fd50,13:26:29,90.77,81.84,4,0
8d17e09d-b9b6-4034-86b1-b2431ad205df,4:37:11,112.87,77.72,132,0
0e123cb9-ae6a-4dea-956e-29617669938d,4:05:27,99.17,78.83,164,1
cf26b65e-6e3e-4080-9977-bec1326805df,18:40:04,106.03,75.11,88,0
e9f92b82-6f9e-4388-9128-69706359ac7f,15:56:40,104.37,74.98,30,1
3e05c897-4b93-4145-8b9d-776513558cd9,1:37:23,97.65,75.02,238,0
a69d522b-4c85-40e6-b232-71e6677ee145,21:47:21,110.19,78.84,214,0
ebcca73e-9231-4602-82a5-67f5a8ca92df,14:46:57,93.45,79.17,216,1
1bd5d9e3-6701-4f3a-9a6b-e9a5162b7218,0:46:36,102.32,76.82,7,1
e8cb449a-4a57-475f-ad61-8d417bb8292b,11:44:06,91.73,79.79,217,0
63232e75-23a9-4a3e-a4d6-bb646beef1a7,4:38:26,106.76,81.76,75,1
d4d9f3a7-e6d4-4192-b566-47274ee1327d,11:27:09,102.31,79.74,16,1
c0491c0d-ec35-4ae7-8031-331c750efa0a,4:07:36,97.36,81.45,57,1
87690e8e-92a1-44be-a8a5-38cf430dbad7,21:46:30,99.2,82.2,158,1
2057e5c7-d45b-4b56-9eae-2aa7a81d9fcf,14:03:38,109.76,80.55,153,1
e7d45a8a-76d2-4884-b406-d50cbbe68f0d,4:40:14,103.76,77.09,26,1
362fb771-099c-4837-b047-d29c7908637a,17:37:42,105.08,73.84,92,0
1c11e6d6-6e25-4a4d-b493-ee15d258f7e2,23:52:04,101.1,72.97,19,0
c6257016-39bb-4a72-803b-9f23e7bfec11,19:49:43,82.4,75.99,16,0
6ed90eb7-f828-413f-b760-67125d3cdc44,5:13:31,117.09,76.07,33,0
3d97f9d0-6105-4278-9fb0-40c16ad17b91,11:50:40,105.8,74.73,58,0
21f322d3-fc52-4b55-ad42-890498e4687f,7:14:08,105.71,67.87,3,0
c44bee19-3d5f-40db-89ff-6294f6941e59,8:27:14,108.21,84.56,125,0
6a13fa3f-bea5-47cf-9c4f-eb554eb3517a,2:58:22,85.64,78.03,37,0
b14c5d77-a254-4cc2-85a1-3a2ef40035be,9:27:02,100.33,77.51,222,0
02d0ebcf-efde-41ee-8075-d6e80d64749b,11:30:31,111.31,75.04,41,0
dd236ccd-08c8-4a01-bfaa-cef7d3d49add,12:41:38,102.44,72.32,54,1
0d0c8ca0-28d7-4836-b300-bc2b247f48ea,23:40:14,101.79,80.93,195,1
cedeb243-58c8-4c1e-b277-990f1c307cf7,22:12:46,96.59,79.69,255,0
c6924a9e-5caf-4f81-aba8-cd9d8286dcd8,18:15:33,104.38,75.54,243,1
7c1ae3a9-3103-4b65-aa67-a1d46ad99436,16:15:47,93.48,72.66,174,1
25c62686-9333-4bbd-86f5-74cd63997002,19:51:43,98.87,71.59,67,0
10c4bc62-34e3-4649-bf2a-39b569b99849,17:02:33,99.64,85.55,92,1
76ab5294-55bb-4dd8-8de9-ef50c7335318,0:57:14,106.39,68.24,189,1
cb54c28e-5e36-4d4b-9979-8819b1790cbb,21:30:26,108.97,87.38,45,1
e45c1efa-6cbc-4a03-bfdb-9e9bf72b2ce5,11:17:19,106.07,61.06,124,0
6ce64b4b-7427-4cd3-8c5e-37cbe933428f,16:27:23,102.31,72.47,166,0
27866312-fa64-499d-bd7a-3043e3e04858,15:13:05,93.36,76.41,146,0
2bb841dc-b5b8-47a4-a275-7688eab93a3d,7:55:07,106.07,71.5,14,0
86b9b46f-864e-42fc-a6ff-480aae123c0a,5:57:48,101.25,75.2,53,0
d26a80d0-5eab-4464-b689-f7db618f1e20,8:02:06,95.1,67.31,138,1
a8d8b0f9-b237-436d-8e3f-fddd0adf5054,5:18:40,87.62,69.97,16,1
6f189fc6-66e6-4120-a15b-3bfef275a6da,21:25:23,103.2,74.75,135,1
bdce7000-a3aa-4fd6-8f64-4ae258ddcbc6,15:33:26,102.53,80.42,106,0
59dd36de-b0a6-4999-8ee9-7110f08d5129,22:29:56,107.36,77.86,102,0
e73815b2-5836-4527-b514-67a585b4b9bb,17:51:14,93.98,73.96,12,1
908cc8bf-429f-47b2-a1fa-dcca46ea9a75,0:16:35,108.08,76.96,155,0
cd3ed020-1202-49bf-9af0-a35d694fc665,2:28:59,97.16,73.85,4,1
2290f1ca-2049-464f-b72f-2cc64cba8682,18:41:54,90.32,68.93,81,0
1e6473c5-3d69-4cd4-826f-fb8035c7704e,5:04:31,91.46,70.96,192,0
caebabfc-453c-49af-aacd-f5c1c24a7f90,7:47:09,100.99,73.43,70,0
91e57a23-9914-4409-86ae-eee6f2193bf4,17:20:36,106.94,71.19,85,0
dfa79106-2444-44ab-a6e8-cd1392bb41ba,19:05:51,104.45,77.13,66,1
56b9d2b3-c0d5-4f66-80b2-124c864a2a7c,9:36:29,99.51,65.14,153,0
39e67c7d-aca6-4820-a364-db6c277937fd,8:05:53,103.79,87.1,129,1
51ecf197-6f41-4402-ae1b-28d5997292b7,10:39:07,96.79,82.96,107,1
cf154550-7eb6-484d-bac6-70833a1e5128,3:19:37,99.27,76.22,250,0
25fef4c3-f3e6-4495-80e6-a8f8c30f1dfe,5:12:07,86.92,71.83,29,0
e786ec5a-42ed-45ec-b680-33b5e1546356,2:47:34,93.01,74.57,162,1
2b30143f-1cab-420e-b4d1-2346796419a2,17:22:38,98.32,82.32,228,1
3d5ee5d7-1c7d-44c7-bc5a-738a6abc1ef0,3:30:53,103.23,77.06,242,0
d5e4009b-2cef-4d6c-b254-c287cde8ca87,1:24:07,91.38,76.11,5,1
70f9be9f-284a-4342-aaa1-dcd7d48bc886,4:45:17,87.99,80.25,136,1
b0a4a4db-2916-42b0-a500-7401e9ca2ee2,14:19:20,104.31,81.44,36,0
8ae7ed2e-d868-4260-8861-1dcb37d76526,13:49:29,91.06,72.74,177,1
e050f68d-cdd5-46c7-813f-da847667f660,11:35:15,96.69,80.15,227,0
bd61ec5f-279e-47ef-9f6b-98f4363ae548,12:05:39,101.48,75.17,8,0
a9a69292-c4e9-4cd5-8d6c-db0cbeb69747,13:24:35,106.99,66.88,81,0
58643d61-031b-4ed3-b777-d4260d96154a,10:14:53,99.9,68.87,60,1
865d622c-f3d8-4fcf-b28d-efa45e6ff8c3,20:29:22,101.0,75.63,177,1
4645c886-5c76-487c-be5d-01d98fd13742,21:01:55,94.85,74.61,27,1
9dc64884-25f7-41ea-a23d-750cedb96b98,18:25:43,103.93,64.51,13,1
9fc45617-e035-4267-974e-49400a60da25,7:33:48,100.57,73.45,216,1
baf4a685-3a62-4dda-a213-ebc17071ab72,10:30:12,97.55,67.36,243,1
f8ea3cfb-1398-4b70-af4c-c9a6d00c20f2,8:39:26,95.07,74.36,227,0
b3031ec2-1cbb-44b2-8dd2-09342a74f13b,20:19:25,107.43,72.42,8,1
016d7fa2-7a84-458e-9dda-68f2e9a62444,9:19:52,93.33,86.28,216,0
8347f3fc-11af-43e5-b56c-772c285dc78b,23:09:14,93.55,80.22,178,0
f2a3501d-9117-4f4c-9de5-c3ac5f07d660,10:29:37,101.84,73.27,150,0
eff6de2e-b159-4b39-ac68-3f06d58fc778,14:04:01,94.59,77.9,114,1
faaa7d13-3294-4a63-8d0e-a0cf8bb8d2a2,8:12:07,103.63,76.88,130,0
5ee2a7a6-d085-4f2c-b355-726382dafbfc,19:39:23,96.34,72.59,238,1
4f2b2377-5ed0-4969-9097-0d6f11238ac4,9:40:38,92.14,82.34,161,1
9ec6ca88-5ef1-4c71-96c3-663fca7c16d4,4:57:31,95.52,77.61,184,1
349c721f-0622-445e-b7b4-e59b51bce39e,23:13:56,101.95,64.72,143,0
e41c2838-203b-4d79-b92f-0aba1e069c6b,11:06:48,101.98,80.25,252,0
212b01c5-13e9-44e5-a59c-69caa8c8f6d1,20:34:36,88.85,68.26,64,1
a388e2c3-1d40-4eb3-8c7d-90ff8b9e75fd,15:51:17,107.32,76.01,193,1
30cfe522-46ec-4bdd-bcf9-beb1787c79c9,2:15:04,103.27,81.53,81,0
44b67013-13c0-4770-96d8-379bfc8b9a87,0:39:22,99.97,76.4,162,1
dd9b2286-e634-4eb9-8eb0-f00b84f1daa5,3:01:58,101.63,77.17,104,1
4a663aea-8f80-4d00-b23e-960087a2dab5,22:52:31,95.38,78.26,128,1
543ebf03-2070-493e-89d5-a400f3e0d352,23:40:00,112.66,75.67,96,1
14a4a07b-840f-4539-8296-d87bccdd8fca,12:31:25,93.86,75.21,6,1
ff21b8e0-aead-40c6-b449-dc456f61c3ec,0:31:37,108.31,75.35,246,1
25a2b052-eac3-470a-88b6-e1bec0aa6382,14:42:28,101.66,72.95,239,0
26bb7c8d-893a-47fd-9589-fe2be1d79962,0:50:50,100.3,73.73,208,1
049b7370-c002-4655-9e48-f2bde48e91a9,13:51:55,101.35,74.47,165,0
